   1.1472769e+02   1.2223680e+03   1.7740397e+02
   3.4073468e+02   1.2178230e+03   2.4732468e+02
   6.8111511e+01   1.6727558e+03   4.6520414e+01
   1.5213534e+01   1.2263097e+03   1.2880445e+02
   1.7616345e+02   1.4987746e+03   1.3203607e+02
   2.7484847e+02   1.2029645e+03   8.0418717e+01
   1.7145485e+02   1.3005928e+03   2.2075178e+02
   2.1262393e+02   1.7151563e+03   1.3803125e+02
   2.9268309e+02   1.3968249e+03   2.3823669e+02
   2.9598274e+02   1.5615455e+03   3.1750206e+02
   2.6398075e+02   1.6028148e+03   3.8205667e+02
   1.8670454e+02   1.2147820e+03   1.7448047e+02
   3.4646884e+02   1.7974766e+03   1.5366826e+02
   3.4141068e+02   1.8310678e+03   2.5285482e+02
   2.9746002e+02   1.2179958e+03   3.6237084e+02
   1.6233049e+02   1.2958300e+03   9.4893734e+01
   6.1694510e+01   1.6551628e+03   9.7229897e+01
   1.4076271e+02   1.4698698e+03   1.5795507e+02
   2.8691453e+02   1.5909343e+03   1.7419573e+02
   3.7715433e+02   1.1787537e+03   1.8182188e+01
   1.8665779e+02   1.3978956e+03   1.1416307e+02
   3.2020426e+01   1.2556101e+03   1.3666952e+02
   2.2450349e+02   1.5129982e+03   1.1453829e+02
   3.9983466e+02   1.2242242e+03   2.6267657e+02
   3.6883277e+02   1.5506799e+03   1.3945830e+02
   3.2370939e+02   1.7872264e+03   2.9083908e+01
   1.4060766e+02   1.2447388e+03   2.4315603e+02
   1.0770666e+01   1.6592267e+03   1.4441344e+02
   1.7977081e+02   1.6503136e+03   1.6667863e+02
   2.7315227e+02   1.7688636e+03   3.5559945e+02
   5.9571952e+01   1.7458057e+03   2.7046995e+02
   2.4751520e+02   1.1806377e+03   1.8353195e+02
   2.2293536e+02   1.4668896e+03   1.8809605e+02
   3.1979293e+02   1.6029347e+03   1.6571679e+02
   3.2891308e+02   1.7174663e+03   1.3143611e+02
   3.3896698e+02   1.7118022e+03   2.6244720e+02
   1.9875154e+00   1.3403416e+03   1.2730731e+02
   7.1637950e+01   1.3522941e+03   3.1862706e+02
   2.5459145e+02   1.2903166e+03   8.2863538e+01
   1.9442335e+02   1.5522678e+03   9.8764996e+01
   1.1718375e+02   1.5978063e+03   2.9756512e+02
   1.1010178e+02   1.6110356e+03   1.7605008e+02
   3.1316815e+02   1.6988220e+03   1.2364959e+02
   2.5999261e+02   1.5263687e+03   2.0699770e+02
   1.4043651e+02   1.6651856e+03   1.6621328e+02
   4.4204425e+01   1.2135985e+03   8.0288730e+01
   1.3175684e+02   1.3140956e+03   2.0519291e+01
   2.5142758e+02   1.3178677e+03   2.2123587e+02
   2.9255389e+02   1.2148023e+03   8.7311257e+01
   3.1504565e+02   1.3396333e+03   3.2538454e+02
   2.4124113e+02   1.2713158e+03   2.3413959e+02
   3.2139874e+02   1.1759019e+03   2.3656080e+02
   1.6948833e+02   1.3541815e+03   2.4500527e+01
   2.1610045e+02   1.6927886e+03   1.8929496e+01
   3.4595822e+02   1.2489493e+03   3.0944510e+02
   9.2440355e+00   1.7985021e+03   3.2649058e+02
   3.0425307e+02   1.1739457e+03   1.7768729e+01
   8.5430091e+01   1.6550582e+03   8.7071285e+01
   1.7530165e+02   1.3617315e+03   1.2197333e+02
   3.0948104e+02   1.5444483e+03   1.8835168e+02
   1.0600450e+02   1.2986823e+03   1.7325638e+02
   1.7236891e+02   1.6919792e+03   2.4781942e+02
   2.1602321e+02   1.1805507e+03   3.4404669e+02
   1.5746687e+02   1.7715166e+03   2.5446907e+02
   9.2894911e+01   1.6609943e+03   3.0674040e+02
   1.6890908e+02   1.6894900e+03   2.1074159e+02
   1.9224261e+01   1.1702181e+03   3.2250873e+02
   1.5662754e+02   1.6333583e+03   2.4371409e+02
   1.5515490e+02   1.1818682e+03   1.8846755e+02
   1.7987024e+02   1.3866469e+03   1.1308174e+02
   3.2632972e+02   1.3576620e+03   3.0718611e+02
   3.0241890e+02   1.5638778e+03   1.2722179e+02
   1.9881332e+02   1.2812870e+03   3.5409798e+02
   1.9633047e+02   1.4404862e+03   1.6942511e+02
   9.6174071e+01   1.2998668e+03   2.1263945e+01
   2.3583633e+02   1.6741989e+03   3.0409046e+02
   3.2979444e+02   1.2383117e+03   3.0699717e+02
   2.9268829e+02   1.2398618e+03   2.6596735e+02
   1.8548258e+02   1.3934029e+03   3.0800262e+02
   2.3263630e+02   1.6044463e+03   1.4952464e+02
   3.0468895e+02   1.3689265e+03   7.7125367e+01
   5.2682016e+01   1.6609897e+03   2.0350640e+02
   1.0438217e+02   1.3073431e+03   2.2637890e+02
   1.5088463e+02   1.5985860e+03   1.3066700e+02
   1.1820180e+02   1.2420826e+03   2.2268839e+02
   2.3227097e+02   1.2943747e+03   7.6342906e+01
   2.5426928e+02   1.3339255e+03   2.4523763e+02
   2.8799145e+02   1.7694560e+03   1.3539508e+02
   6.4378130e+01   1.3027475e+03   3.3814912e+02
   3.2423865e+02   1.8167311e+03   2.6300111e+02
   1.2913524e+02   1.8410406e+03   2.3514677e+02
   4.5860475e+00   1.2155446e+03   1.3755604e+01
   3.1264741e+02   1.2734525e+03   2.3163475e+02
   3.3759925e+02   1.3782543e+03   3.0644147e+02
   1.0821292e+02   1.2949401e+03   2.6448903e+02
   2.4391204e+02   1.2649008e+03   1.4492499e+02
   1.5680461e+02   1.7565912e+03   1.4886909e+02
   2.1573338e+02   1.2000579e+03   8.2867894e+01
   1.9295555e+02   1.4701124e+03   2.5706253e+02
   1.2591151e+02   1.3646761e+03   8.3484672e+01
   1.6638130e+02   1.4121615e+03   1.3841262e+02
   1.7466137e+02   1.5896257e+03   2.4504420e+02
   3.8410096e+02   1.2193148e+03   1.5761534e+02
   1.5171092e+02   1.5151305e+03   2.0134037e+02
   2.9686802e+02   1.2682644e+03   2.3505962e+02
   2.4134883e+02   1.7243742e+03   3.1193565e+02
   6.8376049e+01   1.8123802e+03   1.8340074e+01
   1.0045914e+02   1.2084021e+03   2.8155537e+02
   2.5894707e+02   1.8351095e+03   3.7206136e+02
   1.3926226e+02   1.2696873e+03   2.8152715e+02
   2.2846449e+02   1.5986523e+03   2.7969547e+02
   1.1165480e+02   1.7243138e+03   5.3288325e+01
   8.2872595e+01   1.2145165e+03   2.3269820e+02
   9.3517117e+01   1.6177620e+03   1.6355683e+02
   6.5004646e+01   1.2213515e+03   1.5901771e+02
   2.1978620e+02   1.5960296e+03   2.7291052e+02
   1.6261303e+02   1.5440127e+03   3.1379610e+02
   3.0793820e+02   1.2935796e+03   2.8529596e+02
   5.9258161e+01   1.8172327e+03   2.4298953e+02
   2.7747466e+02   1.3925967e+03   6.5571810e+01
   3.5836493e+02   1.3132660e+03   1.4074969e+01
   6.5300235e+01   1.3399553e+03   2.8912877e+02
   2.7825769e+02   1.3161438e+03   2.2789732e+02
   1.7874288e+02   1.3536027e+03   2.3629698e+02
   2.5706271e+02   1.3104783e+03   3.4027370e+02
   1.5468341e+02   1.4986608e+03   9.0875530e+01
   2.5744923e+02   1.4122686e+03   2.0079606e+02
   1.1540417e+02   1.6577935e+03   2.2841836e+02
   2.7689417e+02   1.5395166e+03   2.5974599e+02
   2.0222397e+02   1.6222363e+03   3.6789226e+01
   2.2308131e+02   1.1757815e+03   2.2280692e+02
   2.5755410e+02   1.3404653e+03   2.9572426e+02
   1.1615409e+02   1.6519614e+03   1.2767424e+02
   2.5382367e+02   1.7382894e+03   1.7234329e+02
   1.1191551e+02   1.2246035e+03   1.0687292e+01
   1.3964994e+02   1.3405015e+03   2.3330984e+01
   2.9848944e+02   1.1630669e+03   3.4486376e+02
   1.8214462e+02   1.2120171e+03   1.2336246e+02
   2.8407976e+02   1.3923234e+03   1.5289003e+02
   7.4433600e+01   1.2007226e+03   7.0787298e+01
   3.6619366e+02   1.3000811e+03   2.0065082e+02
   1.0020528e+02   1.3800603e+03   1.7334218e+02
   2.0527464e+02   1.3428938e+03   2.0991539e+02
   4.1310786e+01   1.2602801e+03   6.2817405e+01
   1.8363481e+02   1.7844772e+03   2.7752775e+02
   3.2692957e+02   1.5200445e+03   1.3009290e+02
   2.7632945e+02   1.2130821e+03   3.6157913e+02
   8.2087561e+01   1.3334031e+03   3.6306701e+02
   3.1493535e+02   1.3762763e+03   5.7103503e+01
   2.1879885e+02   1.7370458e+03   8.0108944e+01
   6.6617754e+01   1.2379309e+03   3.8914213e+02
   2.1756958e+02   1.5451266e+03   5.8280921e+01
   1.4092881e+02   1.2666465e+03   9.6981941e+01
   2.9431289e+02   1.1677152e+03   3.3486125e+02
   2.3560697e+02   1.3501938e+03   1.1153346e+02
   3.0181638e+02   1.4803020e+03   1.6785407e+02
   2.2389686e+02   1.7573147e+03   5.2697176e+01
   3.7150916e+02   1.3178186e+03   1.6139807e+02
   4.9281552e+01   1.5403573e+03   2.7010735e+02
   3.9990977e+02   1.2658880e+03   3.9757496e+01
   6.2919706e+01   1.7117724e+03   1.6430632e+02
   2.8590673e+02   1.8381078e+03   3.2249575e+02
   3.1425287e+02   1.2622454e+03   2.7068461e+02
   2.4624220e+02   1.6629285e+03   2.2908847e+02
   2.6951492e+02   1.1637115e+03   1.4556345e+02
   1.3722881e+02   1.3472346e+03   3.0847081e+02
   4.5891025e+01   1.3527160e+03   1.3582716e+02
   7.3363633e+01   1.5751324e+03   4.6363355e+01
   3.1637645e+02   1.5967035e+03   1.7866738e+02
   3.0737214e+02   1.5899989e+03   1.7217653e+02
   2.5179417e+02   1.5170509e+03   8.4240337e+01
   3.9099172e+02   1.7435897e+03   1.7871035e+02
   1.2545085e+02   1.6309476e+03   1.1221242e+02
   1.9538524e+02   1.6368328e+03   3.1520199e+02
   3.4070427e+02   1.7588700e+03   2.0873439e+02
   1.1070350e+01   1.1743949e+03   2.7256333e+02
   3.3070341e+02   1.6020265e+03   2.3207250e+02
   1.1918678e+02   1.4344344e+03   1.0498832e+02
   1.6246463e+02   1.3811665e+03   2.8204540e+02
   2.1165254e+02   1.3450940e+03   3.8159302e+01
   1.8725855e+02   1.3610398e+03   1.3795701e+02
   1.0971991e+01   1.3038689e+03   1.4242557e+02
   2.2356673e+02   1.6791895e+03   2.1736280e+02
   2.8605743e+02   1.3032663e+03   2.9680935e+02
   3.1650633e+02   1.6615088e+03   1.6375279e+02
   1.4410236e+02   1.5395318e+03   1.7188577e+02
   2.2190182e+02   1.7177652e+03   1.8098119e+02
   6.7140822e+01   1.6015198e+03   2.0682708e+02
   1.5913329e+02   1.4195791e+03   2.2337405e+02
   1.6525047e+02   1.2718465e+03   1.1047066e+02
   2.1422133e+02   1.5371412e+03   1.5433431e+02
   1.7528467e+02   1.7579270e+03   1.7614741e+02
   1.2615350e+01   1.1706567e+03   3.7560293e+02
   2.2509430e+02   1.7358402e+03   3.3301916e+02
   1.6407454e+02   1.6152826e+03   2.7169837e+02
   2.8305514e+02   1.7232297e+03   2.3768107e+02
   3.3812718e+02   1.8340229e+03   1.5857247e+02
   2.3402879e+02   1.3836008e+03   1.0257123e+02
   2.4141033e+02   1.2488006e+03   3.4974282e+02
   3.6302108e+02   1.2776915e+03   1.7794324e+02
   1.6259706e+02   1.6580508e+03   1.5666162e+02
   1.6545665e+02   1.3114323e+03   3.5869947e+02
   2.4725374e+02   1.7041854e+03   7.8936943e+01
   2.9022549e+02   1.4202526e+03   3.6701736e+02
   1.0074510e+02   1.3487794e+03   1.3724353e+02
   1.0143947e+02   1.5805945e+03   1.3530907e+02
   9.5961308e+01   1.2718219e+03   1.8358680e+02
   3.0376797e+02   1.8104064e+03   1.7299300e+02
   1.5286593e+02   1.6402471e+03   2.3456989e+02
   3.0506169e+02   1.5489839e+03   7.7330469e+01
   3.3653294e+02   1.1658050e+03   1.3203996e+02
   2.6222496e+02   1.1722547e+03   2.9283555e+02
   3.4456074e+02   1.2110159e+03   1.5083148e+02
   1.3042971e+02   1.2212324e+03   9.5078663e+01
   3.1932581e+02   1.2128078e+03   2.6310544e+02
   1.7327485e+02   1.2276443e+03   2.5390725e+02
   1.9185232e+02   1.2027943e+03   9.2783723e+01
   2.0562010e+02   1.3307181e+03   2.8683568e+02
   5.6701441e+01   1.1707915e+03   4.4589888e+00
   1.0190443e+02   1.1639766e+03   4.7186752e+00
   1.7846781e+02   1.2069560e+03   8.9447591e+00
   2.9483998e+02   1.4527148e+03   3.0343558e+02
   2.1344211e+02   1.3943018e+03   6.0703051e+01
   2.1776264e+02   1.6161183e+03   1.2850262e+02
   2.7125638e+02   1.5180626e+03   1.4765401e+02
   2.8718814e+02   1.5377081e+03   1.6079434e+02
   3.0519719e+02   1.4671394e+03   1.7596617e+02
   5.8045157e+01   1.3859580e+03   3.9194183e+02
   2.8992610e+02   1.2357505e+03   3.7073980e+01
   2.5472270e+01   1.3510667e+03   3.5688852e+02
   3.6386277e+02   1.4310102e+03   1.7481324e+02
   2.9804422e+02   1.5910556e+03   3.8885821e+02
   6.3720763e+01   1.1719650e+03   3.1648072e+02
   1.6632173e+02   1.2546709e+03   2.2464101e+02
   3.2544096e+02   1.2204012e+03   3.0053492e+02
   9.8820106e+01   1.3085990e+03   2.4823733e+02
   2.9398411e+01   1.3471162e+03   1.2192231e+02
   3.5117483e+02   1.3475063e+03   2.0932720e+02
   2.3584941e+02   1.7462916e+03   2.0246075e+02
   3.4570363e+02   1.3993769e+03   1.0228195e+02
   2.9116903e+02   1.5597130e+03   2.1563638e+02
   1.6808750e+02   1.5069412e+03   1.5912411e+02
   3.1754654e+02   1.5795497e+03   3.8091762e+02
   1.7404601e+02   1.7387590e+03   3.3782631e+02
   3.2859052e+02   1.6889694e+03   1.3174216e+02
   1.7666424e+02   1.5950971e+03   1.7148757e+02
   2.2134795e+02   1.7870464e+03   1.5144395e+02
   3.6379641e+02   1.2709295e+03   1.8157696e+02
   1.8638565e+02   1.3583707e+03   6.8469925e+01
   1.6572367e+02   1.3397474e+03   3.0280279e+02
   3.6366697e+02   1.3667887e+03   2.2209359e+02
   2.7183239e+02   1.2271259e+03   3.8068162e+02
   1.3271798e+02   1.4327375e+03   3.7134022e+02
   1.0797385e+02   1.3778149e+03   2.0808760e+02
   2.5547307e+02   1.4892206e+03   1.5502739e+02
   2.5560981e+02   1.2228053e+03   1.8430076e+02
   1.9665354e+02   1.6001811e+03   2.1141434e+02
   2.7114158e+02   1.6771938e+03   2.1230765e+02
   2.7421135e+02   1.5689410e+03   2.2990537e+02
   1.8989246e+02   1.7580774e+03   6.2818061e+01
   3.6658893e+01   1.2914182e+03   3.5533681e+01
   1.2162885e+02   1.4194778e+03   1.2220676e+02
   1.1666798e+02   1.7770474e+03   2.7190193e+02
   3.6377820e+02   1.4859909e+03   2.1686302e+02
   1.5803896e+02   1.6722288e+03   2.9868830e+01
   3.0916893e+02   1.2163913e+03   3.6564484e+01
   3.3404789e+01   1.2130260e+03   1.9266114e+02
   2.1033235e+02   1.2506701e+03   2.8977886e+02
   1.1266859e+02   1.4513207e+03   4.2713529e+01
   3.5391774e+02   1.3158411e+03   2.4326377e+02
   3.0146155e+02   1.5523334e+03   1.8427326e+02
   2.1627717e+02   1.2085170e+03   6.1998170e+01
   3.0372731e+01   1.2860268e+03   9.6737105e+01
   3.3626899e+02   1.2337682e+03   8.0299799e+01
   2.8405231e+02   1.8450370e+03   2.2164666e+02
   2.5281408e+02   1.3683402e+03   8.9183275e+01
   9.8213823e+01   1.3815255e+03   1.0462495e+02
   1.4594565e+02   1.3797038e+03   3.6303385e+02
   1.1057249e+02   1.2453952e+03   3.4667273e+02
   3.6503708e+02   1.8151699e+03   1.5923425e+02
   2.6268222e+02   1.4509620e+03   1.5824386e+01
   2.6336276e+02   1.6387466e+03   2.0494653e+02
   6.7275201e+01   1.1819780e+03   1.1089259e+02
   2.1412038e+02   1.7241172e+03   1.5008732e+02
   3.3719331e+02   1.3990900e+03   1.7483270e+02
   2.5852890e+02   1.2688351e+03   1.6602055e+02
   1.3349632e+02   1.3830156e+03   3.6184053e+01
   2.5618118e+02   1.6280196e+03   3.0794473e+02
   1.0633752e+00   1.5222091e+03   3.5783780e+02
   6.0489808e+01   1.4453091e+03   1.5066865e+02
   3.9739618e+02   1.4204694e+03   1.7369333e+02
   1.7483489e+02   1.4565212e+03   2.8953475e+02
   1.7433484e+02   1.7167496e+03   7.5290473e+01
   3.7716198e+02   1.3632618e+03   2.8209020e+02
   2.6949612e+02   1.4816924e+03   2.1765530e+01
   6.7611168e+01   1.3937352e+03   6.4343735e+00
   1.9016484e+02   1.2638374e+03   2.9614679e+02
   8.6732393e+01   1.2727995e+03   3.8448976e+02
   2.4692452e+02   1.3742037e+03   2.6574561e+02
   2.4549086e+02   1.2644212e+03   2.2100683e+02
   3.0879898e+02   1.4910984e+03   7.3433165e+01
   2.4131132e+02   1.7896885e+03   1.1986534e+02
   9.1472973e+01   1.2988880e+03   3.9955099e+02
   3.6312687e+02   1.4182115e+03   2.4856869e+02
   2.1080178e+02   1.2441684e+03   1.3517740e+02
   1.4152239e+02   1.3253330e+03   2.8816940e+02
   2.7513203e+02   1.4940144e+03   9.7331764e+01
   3.5746467e+02   1.4313125e+03   4.5582845e+01
   2.1640553e+02   1.4545024e+03   9.8556621e+01
   1.9180342e+02   1.1797292e+03   3.4009501e+02
   2.6287107e+02   1.3807493e+03   2.9059787e+02
   3.0170635e+02   1.3481276e+03   1.7920434e+02
   2.3321366e+02   1.4272845e+03   2.3967748e+02
   3.0709690e+02   1.8318976e+03   2.4100133e+02
   2.5755050e+02   1.1891985e+03   8.7311994e+01
   3.1629138e+02   1.6762848e+03   1.4813297e+02
   2.6909569e+02   1.3007997e+03   8.8256605e+01
   2.9926462e+02   1.7742784e+03   2.9621766e+02
   2.8783331e+02   1.5180714e+03   2.4792383e+02
   3.2159692e+02   1.2854955e+03   2.2520075e+02
   1.4395241e+02   1.5503875e+03   2.9793882e+02
   2.7468684e+02   1.2438570e+03   3.5093767e+02
   2.3914447e+02   1.7517248e+03   4.9371496e+01
   5.6423932e+01   1.2384983e+03   1.6084095e+02
   1.0741641e+02   1.5293926e+03   9.5919190e+01
   2.5086951e+02   1.3465351e+03   2.1952922e+02
   3.4691458e+02   1.6034285e+03   3.7435920e+02
   2.2271111e+02   1.5337434e+03   1.4251084e+02
   4.0098196e+01   1.2942217e+03   2.8090157e+02
   1.8007009e+02   1.2527461e+03   3.3354787e+02
   2.0806250e+02   1.6181328e+03   1.0949107e+02
   2.2030937e+02   1.3710762e+03   1.6826755e+02
   3.4093876e+02   1.2511963e+03   2.3559647e+02
   1.6885536e+01   1.1867307e+03   2.0505767e+02
   1.4273022e+02   1.7250213e+03   1.0029045e+02
   2.4711816e+02   1.7561890e+03   2.4028274e+02
   3.6416843e+02   1.1831086e+03   7.5289218e+01
   3.7921391e+02   1.2209540e+03   4.0296761e+01
   3.7821482e+02   1.3177849e+03   2.4076094e+02
   3.1405976e+02   1.3348051e+03   2.6247144e+02
   1.5686518e+02   1.6144668e+03   2.8353710e+02
   3.2386329e+02   1.1872601e+03   2.2482544e+02
   2.4426328e+02   1.3897876e+03   3.4605712e+02
   2.9881799e+02   1.3617847e+03   1.6306303e+02
   3.4103179e+02   1.5451254e+03   2.8427196e+02
   1.9069293e+02   1.7294324e+03   1.3980930e+02
   1.7568604e+02   1.4530434e+03   3.4811154e+02
   3.3519151e+02   1.3666764e+03   7.3022814e+01
   9.5286626e+01   1.3968248e+03   1.8371988e+02
   2.2309249e+02   1.8054091e+03   2.3415662e+02
   9.5155998e+01   1.4488664e+03   9.0675505e+01
   9.2681301e+01   1.3442461e+03   2.3328719e+02
   1.5844298e+02   1.2315262e+03   1.9097250e+02
   2.0308820e+02   1.7353974e+03   3.4463444e+02
   2.8524160e+02   1.3266761e+03   2.8600737e+02
   2.2870043e+02   1.2966932e+03   6.0845592e+01
   3.3286060e+02   1.4079132e+03   2.2841947e+02
   2.1410980e+02   1.3305398e+03   2.7637860e+01
   1.4294312e+02   1.5841613e+03   2.2199218e+02
   1.6123564e+02   1.4021893e+03   1.5308608e+02
   4.2618067e+01   1.5527248e+03   6.6014340e+01
   1.7164132e+02   1.5394999e+03   2.2318884e+02
   1.2926269e+02   1.6897672e+03   1.3993319e+02
   9.4612230e+01   1.2595239e+03   1.3113759e+02
   2.6610353e+02   1.3009862e+03   3.2247378e+01
   1.4372731e+02   1.4364394e+03   1.5099521e+02
   1.9904056e+02   1.8008108e+03   2.7845569e+02
   3.6475432e+02   1.2901336e+03   2.0602248e+02
   3.0983693e+02   1.2566049e+03   1.0157158e+02
   9.2187751e+01   1.2914702e+03   1.1226750e+02
   7.4290045e+01   1.1950328e+03   2.0861145e+02
   5.1853165e+01   1.2101884e+03   3.4087108e+02
   2.9061780e+02   1.2228704e+03   2.6407922e+02
   1.8351576e+02   1.5140376e+03   1.8282251e+02
   9.5852181e+01   1.3914583e+03   1.4863804e+02
   1.6069893e+02   1.6121695e+03   3.4171587e+02
   1.8598797e+02   1.7698587e+03   2.4600693e+02
   2.2926474e+02   1.4947052e+03   2.5372993e+02
   1.4924576e+02   1.2416425e+03   2.4853005e+02
   3.7807207e+01   1.1656969e+03   1.1044970e+02
   3.5901679e+02   1.3108375e+03   7.7603884e+01
   2.2182824e+02   1.3032187e+03   3.4712057e+02
   1.9015386e+02   1.3476262e+03   2.5709058e+02
   1.5686906e+02   1.2295189e+03   1.5870864e+02
   3.4570360e+02   1.1673359e+03   3.4479706e+02
   6.5159918e+00   1.2923628e+03   1.8755909e+02
   3.1752916e+02   1.1952614e+03   2.1526232e+02
   6.1727848e+00   1.7129056e+03   3.0571939e+02
   2.7150128e+02   1.7346951e+03   2.8503730e+02
   1.4101463e+01   1.1982114e+03   1.1093226e+02
   3.1509582e+02   1.4632486e+03   2.9050421e+02
   3.8324269e+02   1.2393314e+03   3.7627986e+02
   2.3161138e+02   1.1722577e+03   8.3502868e+01
   2.4476628e+02   1.2950139e+03   3.9873657e+02
   1.4019529e+02   1.3514633e+03   9.9578311e+01
   2.3168298e+02   1.5264570e+03   2.6737741e+02
   3.3244617e+02   1.1698772e+03   1.0466365e+02
   2.3422751e+02   1.5746316e+03   1.2940500e+02
   3.3842057e+02   1.6671189e+03   3.4341420e+02
   3.6057353e+02   1.6559006e+03   1.0329400e+02
   3.1715086e+02   1.2045022e+03   3.8817602e+01
   8.9132971e+01   1.7814638e+03   2.8062743e+02
   2.9506351e+02   1.6163245e+03   2.1886486e+02
   1.0610710e+02   1.2759283e+03   1.0349119e+01
   1.5405740e+02   1.6060285e+03   3.2989830e+02
   5.5922972e+01   1.1851334e+03   2.2079403e+02
   3.0868942e+02   1.4760008e+03   1.7784586e+02
   1.7577679e+02   1.3872622e+03   9.6845854e+01
   2.7020055e+02   1.4162465e+03   8.2880981e+01
   3.1789751e+02   1.5088422e+03   1.4709931e+02
   2.7061987e+02   1.2729501e+03   1.8138898e+01
   2.8380761e+02   1.6645725e+03   3.8297108e+02
   1.6846720e+02   1.3822393e+03   2.5996241e+02
   2.0031096e+02   1.2769718e+03   1.4250337e+02
   1.4905731e+02   1.4605518e+03   1.9964766e+02
   1.1468133e+02   1.3502111e+03   6.9721504e+01
   2.9336515e+02   1.5323937e+03   2.3624783e+02
   9.8768545e+01   1.5178425e+03   2.7029158e+02
   2.0489623e+02   1.6566491e+03   5.8145309e+01
   1.9923201e+02   1.6974305e+03   3.4202396e+02
   1.3857106e+02   1.2110558e+03   2.2306167e+00
   9.8728237e+01   1.6204079e+03   2.1227595e+02
   4.8884347e+01   1.2432673e+03   2.4021988e+02
   1.6031727e+02   1.5682937e+03   3.0915643e+02
   1.4350247e+02   1.5104667e+03   1.4866942e+02
   1.1737898e+02   1.3224954e+03   1.4745592e+01
   2.2535665e+02   1.4971627e+03   7.7457551e+01
   8.4764761e+00   1.3826379e+03   3.7288993e+02
   2.6949068e+02   1.3590045e+03   1.6753709e+02
   3.9048421e+02   1.3498424e+03   1.2853175e+02
   3.1921566e+01   1.4799989e+03   1.8600083e+02
   1.9967215e+01   1.5057002e+03   2.1203173e+02
   1.2607206e+02   1.4320040e+03   1.8498565e+02
   4.2721937e+01   1.2168721e+03   2.7884346e+02
   9.7471511e+01   1.2192241e+03   8.0616777e+01
   2.6527916e+02   1.3121254e+03   1.2604597e+02
   2.2213099e+02   1.5930026e+03   2.7222287e+02
   8.8772358e+01   1.2994864e+03   1.5171584e+02
   2.5217103e+02   1.6804867e+03   3.3972775e+02
   2.4714305e+02   1.5515682e+03   1.3396481e+02
   2.8663517e+02   1.4216965e+03   1.8326626e+02
   2.6076002e+02   1.4252703e+03   1.7352977e+02
   1.1315564e+02   1.8048890e+03   8.9679327e+01
   1.6850529e+02   1.2795852e+03   2.3756121e+01
   3.6274849e+02   1.6929669e+03   2.6683067e+02
   1.8143759e+00   1.1797224e+03   2.3202967e+02
   3.8691655e+02   1.2717107e+03   3.2355318e+01
   3.5395898e+02   1.2896816e+03   2.2189604e+02
   2.3536845e+01   1.2886373e+03   1.6083016e+02
   5.1792163e+01   1.1747570e+03   2.6139511e+02
   1.2071225e+02   1.4138081e+03   2.6373958e+02
   6.8219663e+01   1.5326668e+03   3.5610515e+02
   3.5271603e+01   1.2720229e+03   1.2960704e+01
   1.3249018e+02   1.3355649e+03   1.5187828e+02
   3.2846980e+02   1.4044074e+03   1.9106622e+02
   1.5114526e+02   1.4080947e+03   2.8569104e+02
   4.0264777e+01   1.1989062e+03   3.9871523e+02
   2.7144331e+00   1.2994642e+03   2.4435760e+02
   2.8902100e+02   1.6466897e+03   3.1987858e+02
   1.6182150e+02   1.6749390e+03   2.2604886e+02
   1.1016880e+00   1.2292494e+03   1.1019672e+02
   1.3342974e+02   1.1909847e+03   4.1166517e+01
   1.2285459e+02   1.1997414e+03   2.0951013e+01
   2.0339454e+02   1.2432863e+03   1.6021624e+02
   3.7912690e+02   1.7827827e+03   3.2148221e+02
   1.0725798e+02   1.3196920e+03   1.1129298e+02
   2.5077419e+02   1.4284919e+03   1.1265088e+02
   3.6948919e+02   1.2128398e+03   1.2934822e+02
   3.0099876e+01   1.2277209e+03   3.1692082e+02
   3.1261923e+01   1.2642638e+03   2.9144782e+02
   3.7168793e+02   1.2298846e+03   2.3444111e+02
   3.7398018e+02   1.8333984e+03   7.1806628e+01
   1.7835733e+02   1.3435982e+03   1.4269402e+02
   2.2512714e+02   1.3438953e+03   3.4270513e+02
   3.9705807e+02   1.2962302e+03   2.4117626e+01
   3.8784132e+02   1.3191564e+03   2.7243051e+02
   1.5768551e+02   1.1695445e+03   1.7534889e+01
   1.4405404e+02   1.7263850e+03   1.1980586e+02
   1.7625802e+01   1.6337001e+03   2.8263116e+02
   1.2283836e+02   1.2243223e+03   1.8261272e+02
   1.5360166e+02   1.2732467e+03   2.6146621e+02
   1.3323383e+02   1.2797520e+03   1.1239391e+02
   1.3809510e+02   1.5382685e+03   2.5070402e+02
   2.5319845e+02   1.2752453e+03   2.5182015e+02
   7.4220055e+01   1.4593575e+03   1.7232152e+02
   2.5455214e+02   1.4711647e+03   1.5048036e+02
   2.4469664e+02   1.5692452e+03   3.9699909e+02
   5.5155440e+01   1.2824506e+03   9.3915526e+01
   3.3585037e+02   1.6474470e+03   2.5354703e+02
   1.1214886e+02   1.4908011e+03   2.7066610e+02
   1.4790463e+02   1.5912666e+03   3.5481007e+02
   2.2306830e+02   1.6430720e+03   2.5177293e+02
   2.9217435e+02   1.6721286e+03   9.2220001e+01
   8.9787788e+00   1.2118789e+03   3.3863532e+02
   3.8579211e+00   1.2930180e+03   3.5260721e+02
   2.5315599e+02   1.2003383e+03   3.8274761e+02
   3.1942730e+01   1.6713223e+03   3.3147875e+02
   3.9391612e+01   1.4169244e+03   1.7231906e+02
   2.6350424e+02   1.4710196e+03   1.5487118e+02
   7.2009410e+01   1.2773019e+03   3.1951204e+01
   2.4960729e+00   1.3231996e+03   9.9312017e+01
   2.2884688e+02   1.3616434e+03   1.6597391e+02
   9.8600505e+01   1.2812930e+03   2.6588333e+02
   9.0893254e+01   1.7633573e+03   3.2924421e+02
   9.3365520e+00   1.7642639e+03   2.6903854e+02
   3.4558536e+02   1.7645543e+03   3.2659573e+02
   3.5755247e+02   1.2804909e+03   5.4485667e+01
   1.7001913e+02   1.4727761e+03   1.4519387e+02
   5.3385074e+01   1.8364613e+03   1.5419151e+02
   3.9598752e+02   1.6928357e+03   3.0456901e+02
   2.4807330e+02   1.1879476e+03   2.4804822e+02
   1.9738622e+02   1.3470258e+03   6.8927282e+01
   2.3312162e+02   1.4476247e+03   1.0167151e+02
   3.3808795e+02   1.3136668e+03   3.9153691e+02
   2.9750096e+02   1.5026643e+03   2.5828732e+02
   1.1813442e+02   1.2901660e+03   4.5523423e+01
   3.6864017e+02   1.2793111e+03   2.9981665e+02
   3.2248057e+02   1.2548583e+03   3.0109697e+02
   2.7913146e+02   1.2273136e+03   1.6094082e+02
   2.2719724e+02   1.6852287e+03   2.8953747e+02
   2.1672289e+02   1.7604342e+03   2.4458679e+02
   1.0348700e+02   1.6355184e+03   1.9777676e+02
   1.8452618e+02   1.3876389e+03   2.7759804e+02
   1.0587821e+02   1.2085968e+03   8.3676265e+01
   1.0030500e+02   1.2509606e+03   1.9766428e+02
   3.1896075e+01   1.4001326e+03   3.7795944e+02
   2.5452406e+02   1.6981037e+03   2.5977256e+02
   2.1901011e+02   1.5534245e+03   9.6573584e+01
   1.0501552e+02   1.3512184e+03   1.5112060e+02
   3.3888894e+02   1.1829905e+03   7.5367570e+01
   1.1356820e+02   1.4216633e+03   2.6558098e+02
   2.7428557e+02   1.3403246e+03   3.0232286e+02
   2.1731711e+02   1.2027247e+03   3.6297568e+02
   3.7832939e+02   1.8520949e+03   3.3962307e+02
   3.1246378e+02   1.2042256e+03   1.5466037e+02
   4.8640665e-01   1.2501809e+03   1.1544254e+02
   1.0581809e+02   1.8291427e+03   3.2897636e+02
   1.9641453e+02   1.4224432e+03   1.6204999e+02
   3.9687468e+02   1.1869523e+03   8.0972584e+01
   2.5521648e+02   1.6494183e+03   2.5295191e+02
   3.1761562e+01   1.1605011e+03   3.2065228e+02
   1.7519151e+02   1.3496174e+03   2.1686858e+02
   9.3294671e+01   1.3253477e+03   1.8004534e+02
   3.8658551e+02   1.2434364e+03   3.3708225e+02
   1.9352427e+02   1.2107549e+03   1.5602997e+02
   1.2717313e+02   1.6931604e+03   2.6785266e+02
   1.7223139e+01   1.2204348e+03   3.6163346e+02
   2.6900701e+02   1.6182949e+03   3.1483752e+02
   3.7689410e+02   1.1948873e+03   3.3821062e+02
   3.3681266e+02   1.3813815e+03   3.9466550e+00
   1.9026329e+02   1.3980842e+03   1.3161041e+02
   1.8287698e+02   1.1807760e+03   1.8165654e+01
   1.7475192e+02   1.5342864e+03   5.8774070e+01
   1.3524478e+02   1.5460275e+03   1.2457462e+02
   3.1878693e+02   1.4545220e+03   2.5280963e+02
   2.4678636e+02   1.2578772e+03   1.8599777e+02
   1.3370686e+02   1.1721149e+03   2.5100655e+02
   1.0607177e+02   1.2757489e+03   2.7617031e+02
   1.2852339e+02   1.1651093e+03   3.4913622e+02
   1.2743695e+02   1.1893549e+03   2.6465885e+02
   2.9636166e+02   1.4040286e+03   3.8777817e+01
   3.3107862e+02   1.3917073e+03   4.1909338e+01
   1.0685993e+02   1.1688966e+03   1.1578623e+02
   1.5552080e+02   1.7595570e+03   3.1528108e+02
   2.2674945e+02   1.2937108e+03   2.5331855e+02
   1.0037777e+02   1.7297225e+03   1.9882261e+02
   8.9684014e+01   1.3732981e+03   2.6803626e+02
   1.1097908e+02   1.4245968e+03   2.4739859e+02
   3.1450160e+02   1.3789653e+03   2.3095579e+02
   2.0987675e+00   1.2561873e+03   1.8330922e+02
   1.2721946e+02   1.8178422e+03   1.6652780e+02
   3.6090535e+02   1.2376612e+03   2.2301752e+02
   2.6891790e+02   1.3798092e+03   3.6241789e+02
   1.6637559e+02   1.2504031e+03   1.3179857e+02
   5.2642334e+01   1.5114276e+03   2.9524477e+02
   1.5340743e+02   1.3803552e+03   8.0095858e+01
   2.8779077e+02   1.2857983e+03   2.8526065e+02
   1.2128290e+02   1.6957907e+03   1.4696624e+02
   1.4892098e+02   1.5327134e+03   1.1184936e+02
   4.6600944e+01   1.4158133e+03   2.9135705e+02
   1.6737398e+02   1.4537030e+03   1.2685417e+02
   3.1400729e+02   1.2589489e+03   3.4211963e+02
   3.4940532e+02   1.2145458e+03   1.9793534e+02
   1.7161887e+02   1.5501218e+03   1.1199612e+02
   1.9067632e+02   1.5952843e+03   7.8397429e+01
   2.2464126e+02   1.5490622e+03   1.5608932e+02
   2.4047085e+02   1.7141115e+03   2.3516492e+02
   2.7594170e+02   1.2476675e+03   4.7611970e+01
   2.3947066e+02   1.5472268e+03   1.0560542e+02
   9.2902558e+01   1.4145289e+03   2.5903812e+02
   2.1054916e+02   1.7606595e+03   1.1806280e+02
   3.3738194e+02   1.3392085e+03   4.5989223e+01
   8.5294240e+01   1.6882880e+03   2.8341851e+02
   3.4629588e+02   1.3357028e+03   4.2748301e+01
   2.4435013e+02   1.5842788e+03   2.1035245e+02
   1.1557643e+02   1.4164171e+03   1.0167048e+02
   3.5526944e+02   1.4946358e+03   1.8331009e+02
   3.0347436e+02   1.7016924e+03   1.7445397e+02
   1.9726987e+02   1.4113177e+03   9.8734125e+01
   3.0734414e+02   1.5230168e+03   2.5258329e+02
   3.3528528e+02   1.2848851e+03   9.9876029e+01
   2.1900334e+02   1.4605801e+03   4.0399600e+01
   3.1441780e+02   1.5834753e+03   1.7023063e+02
   2.2109834e+02   1.5903974e+03   5.6374906e+01
   3.5040416e+02   1.1626314e+03   3.6183010e+02
   1.9586177e+02   1.3810526e+03   2.9099648e+02
   2.8354234e+02   1.8112539e+03   5.9040432e+01
   2.7819664e+02   1.2943913e+03   2.9168529e+02
   7.4204606e+01   1.2145670e+03   9.3405393e+01
   6.8606324e+01   1.2510335e+03   3.3860530e+02
   2.9330992e+02   1.2390868e+03   1.0736641e+02
   3.2803195e+02   1.7211552e+03   2.4597198e+02
   2.2756397e+02   1.5475195e+03   2.2436209e+02
   1.1249717e+02   1.4720640e+03   3.1903268e+02
   7.6441189e+01   1.4776699e+03   1.9118394e+02
   1.9561252e+02   1.8206096e+03   1.6937181e+02
   2.3718940e+02   1.7711917e+03   2.5659054e+02
   1.6495510e+02   1.3267439e+03   1.0842843e+02
   2.1701321e+02   1.3941550e+03   3.3782012e+02
   2.8075965e+01   1.3399534e+03   3.7730916e+02
   6.2632691e+01   1.3951941e+03   1.6282908e+02
   1.5774974e+02   1.1955066e+03   6.8209721e+01
   2.3434070e+02   1.7334214e+03   1.8306194e+02
   2.8704034e+02   1.5262149e+03   7.5695778e+01
   1.4249498e+02   1.3546923e+03   2.3082098e+02
   2.0911383e+02   1.3355091e+03   1.9978985e+00
   2.0953786e+02   1.2150460e+03   3.4252221e+02
   5.7746419e+01   1.2547051e+03   5.6594668e+01
   1.4144037e+02   1.1771102e+03   2.4714713e+02
   1.1360518e+02   1.3991726e+03   1.0641813e+02
   1.2563347e+02   1.3341301e+03   1.1864669e+02
   2.1808113e+01   1.2792204e+03   2.0464710e+02
   2.8629291e+02   1.3802750e+03   2.1635569e+02
   3.2678120e+02   1.4383547e+03   1.4855798e+02
   2.7254231e+02   1.5609005e+03   1.7412354e+02
   1.0857630e+02   1.7249345e+03   7.8799838e+01
   1.9286578e+02   1.4781739e+03   1.6828518e+02
   3.2338836e+02   1.5797471e+03   1.1006822e+02
   2.8294994e+02   1.3301585e+03   2.4582337e+02
   2.2110533e+02   1.6939561e+03   1.1201407e+02
   1.0498472e+02   1.3277850e+03   2.4588772e+02
   9.6110103e+01   1.2423061e+03   1.9065712e+02
   1.2835522e+02   1.3848773e+03   6.3411505e+01
   3.9733564e+02   1.2039260e+03   2.9336546e+02
   5.3934487e+01   1.2400687e+03   1.1274866e+02
   3.3256364e+02   1.5419374e+03   2.3987193e+02
   3.2570343e+02   1.1810555e+03   1.4173001e+02
   2.7825446e+02   1.2865806e+03   1.4850191e+02
   2.0190697e+02   1.3086894e+03   5.2296546e+01
   2.8484887e+02   1.6105423e+03   8.9850926e+01
   2.6846517e+02   1.6877456e+03   8.3615136e+01
   2.0094519e+02   1.2147752e+03   1.1451083e+02
   2.2133310e+02   1.5938151e+03   1.3639000e+02
   3.8325494e+02   1.6839057e+03   1.8611917e+02
   2.7744853e+02   1.7365962e+03   2.4187395e+02
   2.0239334e+02   1.6856581e+03   1.2067471e+02
   4.5350102e+01   1.3910319e+03   1.7514240e+02
   1.1982374e+02   1.6051727e+03   1.4142394e+02
   3.0441366e+02   1.5162094e+03   2.1671826e+02
   2.7941645e+02   1.2836727e+03   1.0792725e+02
   3.3531154e+02   1.3553661e+03   3.2266296e+02
   2.0331425e+02   1.5193984e+03   3.6517333e+02
   2.3279243e+01   1.5119905e+03   1.2355468e+02
   2.6429454e+02   1.5875695e+03   1.4228814e+02
   1.4172473e+02   1.6469547e+03   2.2348855e+02
   2.2457368e+02   1.6315358e+03   2.9622408e+02
   2.7700755e+02   1.8570560e+03   1.6459108e+02
   2.7680811e+02   1.3785357e+03   2.6202642e+02
   3.1527722e+02   1.2556686e+03   1.0539467e+02
   3.1610762e+02   1.2928546e+03   9.9114152e+01
   3.4341100e+02   1.4927116e+03   2.7256455e+02
   3.1645885e+02   1.6146088e+03   2.8410635e+02
   5.2398786e+01   1.7242082e+03   2.1646465e+02
   5.5146116e+01   1.3055888e+03   8.7407866e+01
   2.2391443e+02   1.5777911e+03   1.4473698e+02
   1.9363432e+02   1.2574043e+03   4.4667037e+01
   1.7366317e+02   1.7428170e+03   1.8881534e+02
   2.3639423e+02   1.4269405e+03   1.9075444e+02
   2.7870152e+02   1.2496120e+03   1.2008044e+02
   3.1956633e+02   1.3899915e+03   9.8582013e+01
   1.9876508e+02   1.5737936e+03   8.2894101e+01
   7.1203025e+00   1.2263289e+03   2.5947068e+02
   1.5899456e+02   1.5998673e+03   4.3133702e+01
   2.2798196e+02   1.3467500e+03   6.1171052e+01
   1.2637624e+02   1.3240422e+03   2.7199572e+02
   1.3240993e+02   1.2652465e+03   1.1746069e+01
   2.8952720e+02   1.5762355e+03   3.3706779e+02
   3.3003251e+02   1.3959711e+03   3.3949141e+02
   2.9074750e+02   1.4394644e+03   1.3885998e+02
   3.6341866e+02   1.4356489e+03   2.0177987e+02
   1.3897090e+02   1.2443109e+03   9.1021104e+01
   1.8988122e+02   1.6043079e+03   2.9818862e+02
   1.5602393e+02   1.8301402e+03   1.7446702e+02
   2.8334981e+02   1.8585459e+03   1.5810184e+02
   1.8158368e+02   1.7449697e+03   2.3198055e+02
   1.2486837e+02   1.3877622e+03   9.8748074e+01
   1.2146154e+02   1.6117047e+03   1.7941020e+02
   1.8812620e+02   1.6412333e+03   3.1313334e+02
   2.3339767e+02   1.2080119e+03   6.0979840e+01
   2.0746986e+02   1.5330797e+03   8.8534903e+01
   1.7374171e+02   1.2916283e+03   3.4859277e+01
   1.0406321e+02   1.3988101e+03   2.6698842e+01
   2.0581380e+02   1.5656861e+03   1.1113070e+02
   2.6908945e+02   1.3495860e+03   1.2982204e+02
   6.8814323e+01   1.3924142e+03   1.6247849e+02
   1.8866149e+02   1.3226036e+03   2.9023773e+02
   3.7639080e+02   1.4445345e+03   6.6358892e+01
   3.3451058e+01   1.4263583e+03   2.9657710e+02
   3.8906092e+02   1.4010837e+03   1.2018427e+02
   1.6865440e+02   1.8387914e+03   1.6772863e+02
   3.3989280e+02   1.3064134e+03   8.6350094e+01
   1.3052648e+02   1.2243761e+03   2.0741054e+02
   1.9913972e+02   1.3586937e+03   5.6302993e+01
   8.5870448e+01   1.2637079e+03   1.4828344e+02
   2.0699784e+02   1.3811504e+03   2.6636916e+02
   8.7374382e+01   1.1674542e+03   1.1411854e+02
   8.5398283e+01   1.5451033e+03   1.8898855e+02
   5.5300669e+01   1.3158364e+03   3.3403006e+02
   8.0818225e+01   1.2049611e+03   2.7119443e+02
   3.1126969e+02   1.1799465e+03   3.1731167e+02
   1.1796196e+02   1.4194157e+03   1.4928774e+02
   2.9722063e+02   1.6435828e+03   1.4456633e+02
   2.3381765e+02   1.4886223e+03   2.1594941e+02
   2.6274698e+02   1.7971981e+03   2.1602707e+02
   1.4599725e+02   1.5363395e+03   1.6957915e+02
   2.2549806e+02   1.4404176e+03   1.7436743e+02
   7.8611269e+01   1.2847490e+03   1.7620037e+02
   1.2141221e+02   1.2851868e+03   9.9426528e+01
   1.6928231e+02   1.3512645e+03   1.1389341e+01
   2.7474530e+02   1.2582804e+03   3.7824262e+02
   3.6264216e+02   1.1791122e+03   6.4825909e+01
   7.9021027e+01   1.6273014e+03   9.5224052e+01
   1.9607955e+02   1.3173358e+03   2.2984643e+02
   1.0281386e+02   1.5620746e+03   1.6908485e+02
   3.1834201e+02   1.1723761e+03   2.5790044e+02
   2.4451396e+02   1.3040280e+03   3.9596742e+02
   3.6858044e+01   7.8741874e+02   1.1161469e+02
   1.8666714e+02   8.5309310e+02   1.6155208e+02
   3.5855377e+02   8.2480395e+02   6.8155611e+01
   1.3859212e+02   8.8714051e+02   1.4138022e+02
   1.3830675e+02   8.6645710e+02   4.7940522e+01
   9.2126521e+01   1.1078887e+03   2.0841251e+02
   4.0568508e+01   1.0154444e+03   1.5291086e+02
   2.6778296e+02   1.0248304e+03   1.0764007e+02
   2.3941819e+02   9.0870748e+02   2.0821083e+02
   3.4452772e+02   9.6911014e+02   3.5721818e+02
   7.7264828e+01   8.8966244e+02   2.2700034e+02
   3.6969377e+02   8.2376594e+02   1.7564025e+02
   3.7598587e+02   9.9118635e+02   1.7147264e+02
   1.1407693e+02   9.3134726e+02   5.0885551e+01
   3.5635425e+02   9.6901188e+02   2.9397974e+02
   3.9306634e+02   8.2805447e+02   8.9866720e+01
   1.3762624e+02   8.5742282e+02   3.5923306e+02
   2.3072731e+02   1.1123706e+03   1.0942707e+02
   1.1947805e+02   1.1088032e+03   2.7489309e+02
   3.7314776e+02   9.5193584e+02   7.7028710e+01
   1.8367691e+02   1.0030874e+03   2.7251924e+02
   3.3326127e+02   8.0074372e+02   4.0154220e+01
   2.2687833e+02   1.0243174e+03   7.3774930e+01
   8.0712980e+01   1.1237944e+03   3.2274154e+02
   2.3420253e+02   1.0756409e+03   3.9131391e+01
   2.0987721e+02   7.8589192e+02   3.2988310e+02
   2.6498504e+02   1.0984971e+03   3.4482935e+00
   2.0400840e+02   9.6352759e+02   3.3096146e+02
   3.5317903e+02   1.1177479e+03   1.5399995e+02
   1.8898703e+02   1.0446887e+03   1.8938676e+02
   3.2296250e+02   8.2034184e+02   3.9088744e+01
   3.6964766e+02   9.6988121e+02   2.0826719e+02
   9.3577979e+01   1.1157107e+03   2.0903856e+02
   3.1173217e+02   1.0189807e+03   1.5526079e+02
   1.2094059e+02   1.0951832e+03   2.0948632e+02
   2.1366578e+02   1.1571449e+03   1.2087071e+02
   7.4368630e+01   9.5091063e+02   3.3073594e+02
   3.0151721e+02   9.5631461e+02   3.4741267e+01
   2.7004310e+02   1.0812845e+03   1.3723161e+02
   3.9501692e+02   1.0977131e+03   3.2050258e+02
   2.1007110e+02   1.0743769e+03   2.5907555e+02
   1.3162571e+02   1.0289617e+03   6.7144598e+01
   2.0377123e+02   7.9013581e+02   3.6886187e+02
   9.0793686e+01   9.2853991e+02   7.7933948e+01
   1.7734990e+02   1.0593114e+03   3.0533630e+02
   3.0733004e+02   9.5547713e+02   1.5598964e+02
   5.8982978e+01   1.0466853e+03   3.5048806e+01
   3.5462077e+02   9.5474554e+02   3.4377162e+02
   3.6616538e+02   8.7459362e+02   3.5577976e+02
   7.1866945e+01   9.7320306e+02   5.2634989e+01
   1.8737660e+02   1.0283432e+03   1.3878586e+02
   1.4073906e+01   1.0943613e+03   4.7303833e+00
   3.1432483e+02   9.6193330e+02   2.2815775e+02
   6.8104724e+01   1.0553448e+03   1.8735905e+02
   1.7084177e+02   1.0728098e+03   2.6410296e+02
   1.1347964e+01   8.2159289e+02   2.7994436e+02
   2.2997135e+02   8.2546874e+02   3.3883008e+02
   2.4363563e+01   9.7327953e+02   1.0159979e+02
   3.8859847e+01   1.0360966e+03   7.8086426e+01
   3.1309657e+02   9.1614269e+02   3.7886101e+02
   9.2800087e+00   1.0988991e+03   1.4861602e+02
   7.2414425e+01   9.1017143e+02   1.1548057e+02
   2.8353120e+02   1.0365931e+03   7.0527437e+01
   2.6828804e+02   9.7300755e+02   1.1458313e+02
   3.5997578e+02   8.3526659e+02   1.4415384e+02
   3.5704248e+02   9.7570204e+02   1.8099768e+00
   1.5233351e+02   1.0899780e+03   1.3439314e+02
   3.4410760e+02   1.1423850e+03   1.5516361e+02
   6.7632140e+01   9.2949450e+02   6.2907999e+01
   1.7931791e+02   9.8402265e+02   5.6484047e+01
   7.4768112e+01   9.6197210e+02   2.8537839e+02
   2.5425770e+02   9.0595947e+02   3.2334803e+02
   2.6421128e+02   1.0989673e+03   6.4695647e+01
   3.9270979e+02   7.8907913e+02   1.5473482e+02
   3.6587795e+02   9.3563496e+02   4.3413364e+01
   7.1346678e+01   1.0689991e+03   1.9532132e+02
   1.6290329e+02   8.4752997e+02   2.8072398e+02
   1.3457125e+02   8.2602816e+02   1.2565139e+02
   1.6391413e+02   1.1541615e+03   2.7421135e+02
   1.9279259e+02   1.0740271e+03   6.9228422e+01
   2.8085778e+02   8.6958361e+02   3.4246486e+02
   7.2022710e+00   1.1201648e+03   5.1934966e+00
   1.9211020e+02   9.7225868e+02   1.8589290e+02
   5.3851739e+01   1.0963207e+03   3.7288909e+02
   3.3803114e+01   8.4499184e+02   2.0183276e+02
   2.5117818e+01   8.1567408e+02   2.0995658e+02
   2.0746383e+02   9.1624282e+02   3.9131938e+02
   2.1376092e+01   1.0791626e+03   1.5431615e+02
   3.4173084e+02   9.3301670e+02   2.1109548e+02
   1.8698402e+02   8.5478072e+02   2.8131641e+02
   2.5307395e+02   8.2052596e+02   1.5693995e+02
   3.5057926e+02   1.1271249e+03   1.4562107e+02
   6.8339624e+00   9.8774611e+02   3.5089897e+02
   3.1385969e+02   9.6108328e+02   3.3246809e+02
   2.0313081e+02   9.6052336e+02   1.6452491e+02
   3.4059425e+02   1.0347784e+03   1.9642688e+02
   7.8250396e+00   1.1238848e+03   2.0120561e+02
   3.8481760e+02   8.3036977e+02   3.5483976e+02
   2.9469428e+02   8.5492364e+02   3.4396319e+02
   4.5023979e+01   9.1267743e+02   2.3782272e+02
   6.0952460e+01   9.1594014e+02   2.6195659e+02
   3.9654390e+02   8.4260405e+02   2.9349856e+02
   2.5711952e+02   1.0757753e+03   1.9571849e+01
   8.5196507e+01   1.0209180e+03   9.1575950e+01
   1.8635648e+02   1.0743374e+03   2.2954298e+02
   3.0980661e+02   8.7079440e+02   5.3460342e+01
   3.3298229e+02   9.7383064e+02   3.3614245e+02
   2.1306448e+02   1.1449657e+03   2.0956754e+02
   1.7322875e+02   8.8583496e+02   3.6381247e+02
   4.6310683e+01   1.0636805e+03   1.9818596e+02
   3.3423581e+02   1.0992412e+03   1.4945199e+02
   2.1278039e+02   8.0273262e+02   1.6313180e+02
   1.3088476e+02   8.8818564e+02   3.2339018e+02
   2.5329434e+02   8.8058271e+02   3.3275676e+02
   3.2136685e+02   1.0385551e+03   1.1263225e+02
   1.2444371e+02   1.0128934e+03   1.1596145e+02
   1.2405674e+02   8.8724736e+02   9.1815412e+01
   3.0753346e+02   9.1771884e+02   3.4154453e+01
   1.7155212e+02   8.9919484e+02   2.9587210e+02
   2.1909586e+02   7.8378998e+02   4.4233993e+00
   3.2749128e+02   1.0489234e+03   1.9080089e+02
   6.9448286e+01   9.0576620e+02   2.6403716e+02
   2.8900794e+02   8.6478097e+02   3.3357845e+02
   2.1392476e+02   8.9214073e+02   3.9918409e+02
   2.5507208e+02   1.0917985e+03   2.0831317e+02
   3.7510192e+02   8.9510464e+02   3.6644043e+02
   2.0311359e+02   1.0769706e+03   1.7462810e+02
   3.7304815e+02   1.0092925e+03   1.2402169e+02
   9.5184741e+01   9.1066861e+02   1.2264384e+02
   2.5944056e+02   9.2804026e+02   2.4864756e+02
   2.7762696e+02   9.0589710e+02   1.2390638e+02
   7.7034974e+01   8.3694392e+02   2.9993743e+02
   6.7465102e+01   1.0766753e+03   1.0509853e+02
   3.8882810e+01   1.0897295e+03   2.6470576e+02
   1.9915944e+02   9.9948904e+02   2.8306205e+02
   2.9380336e+01   1.0775307e+03   1.4207602e+02
   2.4823056e+02   1.1542563e+03   1.1571531e+02
   8.5819685e+01   1.1017104e+03   3.8347073e+02
   8.6586109e+01   8.1157989e+02   2.2104378e+02
   3.2361645e+02   9.7395074e+02   2.3665816e+02
   2.6309756e+02   8.9120220e+02   2.0185842e+02
   2.0915703e+02   1.1372253e+03   1.5793010e+02
   1.0316467e+02   7.9399769e+02   1.6272243e+02
   2.4512507e+01   9.6789408e+02   3.1496460e+02
   2.4082169e+02   1.0425852e+03   2.6840465e+02
   1.7792179e+02   9.8704934e+02   3.0009492e+00
   1.3506994e+02   1.0885533e+03   6.1850436e+01
   2.0848192e+02   8.6534318e+02   2.5066601e+02
   2.6989182e+02   8.8361083e+02   1.6225900e+02
   9.7132693e+01   9.7205109e+02   3.1011997e+01
   1.1575659e+02   1.0950946e+03   4.5856632e+01
   1.1908671e+02   1.0218499e+03   3.9741765e+02
   1.4938098e+01   1.1484247e+03   3.9452138e+02
   2.6433156e+02   1.0849148e+03   3.2577256e+00
   2.7006361e+01   8.5648834e+02   4.6290225e-01
   4.7626406e+01   1.1088334e+03   1.1795327e+02
   4.9165458e+01   8.9517449e+02   1.7320333e+02
   1.1504922e+02   1.1556968e+03   3.1006003e+02
   8.5184414e+01   9.8039366e+02   1.1115550e+02
   2.3207956e+02   8.2531103e+02   3.7747342e+02
   1.0944453e+01   1.1134400e+03   2.3456246e+02
   1.2269477e+02   1.0938758e+03   1.9742307e+02
   7.6082201e+01   1.1500890e+03   1.0641939e+02
   5.4665873e+01   1.1368738e+03   3.6409347e+02
   3.0123263e+01   1.1090564e+03   3.0351959e+02
   2.8583859e+02   8.0308887e+02   1.3271273e+02
   3.5478775e+02   1.1494693e+03   2.5749013e+02
   3.1454976e+02   8.4624525e+02   2.6466374e+02
   9.9247094e+01   8.9008990e+02   1.8827678e+02
   2.2398882e+02   1.0694318e+03   2.3067856e+02
   2.1031914e+02   1.0544502e+03   3.1040942e+02
   2.6061608e+02   8.0483693e+02   1.2930270e+02
   2.4581533e+02   1.1512791e+03   2.6140730e+02
   1.2710295e+02   9.9406189e+02   1.4855165e+02
   1.4786935e+02   1.0965704e+03   2.4816914e+02
   3.4004385e+02   1.0132253e+03   7.0320005e+01
   1.3719865e+02   9.9583842e+02   1.2246972e+02
   1.8250789e+02   9.6948676e+02   2.9320097e+02
   5.0273913e+00   7.9337476e+02   2.1090098e+02
   1.4641947e+02   1.1368384e+03   1.3667750e+02
   3.3568973e+02   7.8581133e+02   1.3040198e+02
   8.1546129e+01   8.0193835e+02   1.5303572e+02
   2.6232293e+02   1.0030507e+03   9.6328407e+01
   3.8457864e+02   9.7218196e+02   4.8915584e+01
   2.5972093e+02   9.5151205e+02   2.5733981e+02
   3.8828843e+02   8.9211038e+02   1.8390101e+02
   2.0251152e+02   8.0658840e+02   6.0122938e+01
   1.7772965e+02   8.0767673e+02   1.7427936e+02
   3.0343638e+02   1.1090121e+03   7.1875422e+01
   2.1530454e+02   1.1295488e+03   1.8983061e+02
   7.8973999e+01   7.9326803e+02   3.8524165e+02
   2.0090747e+02   8.2307761e+02   1.3737823e+01
   3.1483953e+02   1.0063545e+03   2.9327595e+02
   2.2373046e+02   8.9673453e+02   2.8535759e+02
   2.7907485e+02   8.2295398e+02   3.1429944e+02
   8.6636898e+01   1.0057254e+03   2.1695294e+02
   1.9547049e+02   8.6832656e+02   7.1175423e+01
   1.8506030e+02   1.0396014e+03   2.9913578e+02
   8.3354563e+01   8.6566730e+02   1.8346606e+02
   3.6429642e+02   8.3356113e+02   2.7655207e+02
   2.0230497e+02   1.0964933e+03   1.5074496e+02
   2.8825176e+02   8.0895857e+02   2.7679300e+02
   3.7518207e+02   1.0239107e+03   1.9195028e+02
   1.1271281e+02   8.0531749e+02   3.5474957e+02
   3.2546694e+02   8.3110342e+02   2.4208534e+02
   2.4786365e+02   8.9040342e+02   3.5058820e+02
   3.6194046e+02   9.1343675e+02   1.1167723e+02
   3.2813675e+02   1.0933869e+03   9.5688592e+01
   2.4042420e+02   1.1402694e+03   1.7733273e+02
   1.4975056e+02   8.6089076e+02   1.4296981e+01
   2.7078542e+02   8.9222281e+02   3.5896819e+02
   2.1610617e+02   1.0748883e+03   9.8806725e+01
   2.4897787e+02   9.4432810e+02   2.9226929e+02
   1.9399652e+02   9.4298824e+02   1.1723429e+02
   2.7734218e+02   1.1185377e+03   1.3183123e+02
   7.1297181e+01   9.8620823e+02   2.3108936e+01
   2.6000110e+02   9.4840523e+02   1.3021968e+02
   1.0224158e+02   1.1025321e+03   2.0620381e+02
   2.1650598e+02   9.9622661e+02   1.3847386e+02
   1.0711092e+02   8.7678378e+02   1.2183476e+01
   2.5452308e+02   1.0207125e+03   3.6174016e+02
   3.0041847e+02   9.9975384e+02   2.2049006e+02
   1.9315794e+02   1.1564651e+03   3.4830511e+02
   2.1616768e+02   1.0652623e+03   3.7663301e+02
   2.6739506e+02   8.0424496e+02   3.1041758e+02
   8.9997919e+01   8.8841133e+02   3.5719741e+02
   2.8298566e+02   9.7343860e+02   2.5227250e+02
   2.6440620e+01   9.4460802e+02   2.6451283e+02
   2.3583327e+02   8.4163744e+02   1.7933390e+02
   3.3770927e+02   1.0903866e+03   1.1908917e+02
   8.7691165e+01   8.1117466e+02   2.0164705e+02
   3.1470826e+02   9.9426933e+02   9.1283709e+01
   8.4151894e+01   8.3580151e+02   1.7219541e+02
   2.8667166e+02   1.0174778e+03   3.6551061e+02
   2.8730318e+02   1.1523446e+03   1.0290661e+02
   1.2622136e+02   1.0218723e+03   3.1190453e+02
   7.7465387e+01   8.6984157e+02   2.2760549e+02
   2.4157842e+02   1.0142862e+03   2.6329081e+02
   3.2193735e+02   1.1495643e+03   1.7676034e+02
   9.6434755e+00   7.9845733e+02   2.8965193e+02
   9.6517554e+01   8.3382611e+02   3.7836938e+02
   9.3694874e+01   8.7679987e+02   8.6061954e+01
   2.4190072e+02   9.5797101e+02   3.2354193e+02
   1.6423911e+02   9.0509973e+02   1.1378466e+01
   3.9580178e+02   8.9182300e+02   3.2355621e+02
   2.7924816e+02   1.1033707e+03   1.1541929e+02
   3.1632756e+02   9.0308391e+02   9.4542429e+01
   3.3708790e+01   8.2033242e+02   2.2951087e+02
   2.7427913e+02   1.0237771e+03   2.1565123e+02
   1.7499932e+02   8.0754433e+02   1.5225073e+02
   7.0275624e+01   8.5732193e+02   1.2769914e+01
   1.0239484e+02   9.9538393e+02   1.1257562e+02
   7.5411833e+01   9.6156129e+02   3.0692281e+01
   1.7559227e+02   1.1529887e+03   2.3544182e+02
   1.6904974e+02   1.1262325e+03   3.8642065e+02
   4.7205291e+01   1.0324431e+03   2.0024506e+02
   2.5033099e+02   8.1514199e+02   4.3184911e+01
   1.6913053e+02   1.0515014e+03   2.4843258e+02
   2.0862870e+02   9.0645011e+02   2.5753314e+02
   3.1815474e+01   1.0247916e+03   6.5835564e+01
   2.6277552e+02   1.1457011e+03   2.2148764e+02
   2.1679185e+02   1.1300911e+03   1.6951927e+02
   3.2563035e+02   1.1453242e+03   2.3369981e+02
   1.5801177e+02   1.0045064e+03   1.3858161e+02
   2.5890098e+01   8.5222183e+02   9.1242890e+01
   1.3876753e+02   7.8518800e+02   2.7995328e+02
   6.9952540e+01   1.0003611e+03   1.4610095e+02
   1.3167323e+02   1.0189914e+03   5.5145195e+01
   7.5433097e+01   9.2189982e+02   2.7079711e+02
   1.0407140e+02   1.1339224e+03   3.2248981e+02
   2.5891967e+02   8.0199446e+02   2.4292525e+02
   3.9840089e+02   9.2799790e+02   4.5888834e+01
   5.0825886e+01   7.9480439e+02   2.6541195e+02
   2.3368302e+01   8.1486274e+02   3.1834693e+02
   1.1815307e+02   9.1758811e+02   2.6708344e+02
   3.8921736e+02   1.1351489e+03   7.0950541e+01
   2.6633522e+02   1.1313945e+03   1.6006681e+02
   3.7666198e+02   9.2500575e+02   1.9157510e+02
   2.5894196e+01   9.0704622e+02   3.9187117e+02
   1.6754480e+02   1.0880834e+03   2.6014335e+02
   1.0695956e+02   1.0048977e+03   6.6484766e+01
   3.0902909e+02   8.4613870e+02   7.7960917e+01
   3.4082445e+01   9.4619982e+02   5.8783859e+01
   1.6013187e+02   1.0256152e+03   3.0801690e+02
   1.4746393e+02   9.0365666e+02   3.9274027e+02
   2.7418237e+02   8.4271460e+02   3.0929553e+01
   2.0752122e+02   1.1250789e+03   1.4688823e+02
   1.4213967e+02   9.1754995e+02   1.2431984e+02
   2.7957328e+02   1.0670991e+03   2.4176509e+02
   3.1830551e+02   9.0096316e+02   1.1504506e+02
   1.2871366e+02   8.0012699e+02   1.1441805e+00
   2.7199241e+02   1.0713355e+03   2.9303222e+02
   8.8072112e+01   7.9399542e+02   3.1929665e+02
   3.8941888e+01   1.0505824e+03   3.0656621e+02
   8.8337087e+01   1.1222170e+03   1.4706539e+02
   3.9579960e+02   9.0098815e+02   3.6769931e+00
   1.7234897e+02   8.6637363e+02   9.5156609e+01
   2.8039459e+02   9.5715663e+02   3.0926711e+02
   3.0160023e+01   1.0967299e+03   3.1954845e+02
   8.1422452e+01   1.1182735e+03   2.9381122e+02
   1.2994987e+02   9.9610323e+02   3.4102623e+02
   3.2105873e+02   8.3707829e+02   1.7829740e+02
   7.3930544e+01   7.8835489e+02   2.4451262e+02
   1.8733420e+02   8.1049918e+02   2.4939815e+02
   2.8034006e+02   8.2881865e+02   1.0886841e+02
   1.7286629e+01   1.1258992e+03   3.0226884e+02
   1.7239660e+02   9.5539808e+02   3.0275770e+02
   3.9461083e+01   8.3315979e+02   1.8824504e+01
   3.5708367e+02   7.9431647e+02   3.7432667e+01
   1.2937242e+02   1.1296202e+03   1.0890864e+02
   1.6669272e+02   1.1315952e+03   7.5371449e+01
   3.6104178e+02   9.3810181e+02   1.8881760e+02
   6.6348178e+01   7.8685306e+02   4.4091603e+01
   2.9208549e+02   8.4421544e+02   2.5403575e+02
   3.5100891e+02   9.9069910e+02   1.0102295e+02
   3.6974108e+01   7.8165708e+02   3.2180814e+02
   2.4292110e+02   8.1296434e+02   3.6051580e+02
   3.3396039e+02   1.0732666e+03   1.9768401e+02
   4.2484800e+01   1.0471791e+03   3.6827681e+02
   2.3170411e+02   8.8828000e+02   9.3788000e+01
   2.5283337e+02   7.9286675e+02   2.4452756e+02
   1.6138473e+02   9.1244537e+02   3.4504456e+02
   1.0486639e+01   8.8001450e+02   2.4004649e+02
   2.5442782e+02   8.0288416e+02   1.3671427e+01
   1.5867406e+02   8.8815137e+02   8.1352956e+01
   1.5646908e+02   1.0957109e+03   1.8210806e+02
   4.7420197e+01   8.8282183e+02   1.7462917e+01
   9.0694091e+01   1.0209976e+03   3.7520427e+02
   1.9085166e+02   9.3927997e+02   3.5257807e+02
   6.6568755e+01   1.0002508e+03   1.0087979e+02
   5.4728176e+01   1.0700406e+03   3.5406221e+02
   1.1395178e+02   1.0891187e+03   3.0797804e+02
   3.8643334e+02   9.3540740e+02   6.3373685e+01
   1.5508406e+02   8.7521170e+02   3.6706714e+02
   1.9536022e+02   1.0666111e+03   3.2150554e+01
   5.7277453e+01   9.4572737e+02   2.3488189e+02
   3.3234298e+02   1.0688209e+03   1.1160374e+01
   2.8676386e+02   1.0600234e+03   6.9985954e+01
   2.1306184e+01   9.3622373e+02   2.9255474e+02
   2.1015690e+02   9.0123844e+02   2.3146868e+02
   7.3560503e+01   9.8319873e+02   1.1384037e+02
   6.0014972e+01   9.1426004e+02   3.1933756e+02
   3.8221405e+02   1.0672071e+03   1.3996616e+02
   1.7266583e+02   1.0712016e+03   5.3092369e+01
   1.9839709e+02   9.3857228e+02   9.1903992e+01
   9.7034753e+01   8.9915444e+02   1.6123938e+02
   2.6144346e+02   9.0213641e+02   7.8847509e+01
   8.6614133e+01   1.0582068e+03   3.9693604e+02
   1.0873538e+01   8.4311834e+02   3.2751189e+02
   6.0629290e+01   8.2723279e+02   3.5465436e+02
   1.1916061e+02   8.7944419e+02   1.9942541e+02
   6.3082120e+01   8.8070502e+02   1.4418191e+02
   1.5958056e+02   9.1878053e+02   2.4770091e+02
   1.8969330e+02   1.0423185e+03   1.0303679e+02
   3.6158285e+02   1.1484450e+03   3.9654933e+02
   2.8661429e+02   1.1150197e+03   1.2900497e+02
   3.9516550e+02   1.0598354e+03   6.0158878e+00
   5.8620086e+01   9.0950823e+02   3.6714519e+02
   2.1878565e+01   1.1275031e+03   2.5112973e+02
   2.3725467e+02   1.1586972e+03   3.8499063e+02
   1.1608144e+02   1.0029593e+03   3.5327545e+02
   3.6212947e+02   9.9009587e+02   1.4289202e+02
   1.1814004e+01   1.1364540e+03   2.6154761e+01
   3.6182308e+02   9.4578261e+02   2.5886873e+02
   6.4263353e+01   1.1167613e+03   5.3874997e+01
   2.3294769e+02   1.0518158e+03   2.4146990e+02
   3.3212111e+02   8.3054806e+02   3.9940911e+02
   1.1094883e+02   1.0639235e+03   1.7067172e+02
   2.3137186e+02   1.0144691e+03   2.6457128e+02
   1.6806427e+02   1.0454675e+03   1.0742908e+02
   3.0046075e+02   1.0091437e+03   1.7093481e+02
   8.4155679e+01   8.6020747e+02   3.4959932e+02
   3.0829571e+02   7.8689984e+02   3.3584262e+02
   1.8913478e+02   7.9353247e+02   2.6532298e+02
   3.2066364e+02   9.2079443e+02   4.7807125e+01
   1.5594186e+02   9.1393280e+02   2.5340885e+02
   7.2155530e+01   9.5154903e+02   1.2377447e+02
   2.2985390e+02   9.0185388e+02   3.3599517e+02
   7.7698456e+01   8.6120113e+02   2.5322784e+01
   2.5133653e+02   9.0058534e+02   3.9215072e+02
   2.9240473e+02   1.0439380e+03   3.1695662e+01
   3.0263269e+02   8.3905414e+02   9.8256109e+01
   1.9627027e+02   9.5860404e+02   1.7442573e+02
   3.9297025e+02   8.6241634e+02   1.2724714e+02
   3.2794071e+02   1.0416965e+03   9.1086723e+01
   3.3849091e+02   8.8574176e+02   3.6191955e+02
   2.7090251e+02   8.1133976e+02   3.0338054e+01
   2.9203884e+02   8.2567043e+02   1.2367156e+02
   7.9607180e+01   1.1591125e+03   3.7849327e+02
   1.9448042e+02   1.0402347e+03   6.8912503e+01
   3.9729844e+02   8.7562715e+02   1.3303609e+02
   1.6582894e+02   9.0834155e+02   5.3083874e+01
   2.3682030e+02   9.5641042e+02   2.7030430e+02
   1.2118524e+02   8.2292254e+02   7.6279243e+01
   1.1899089e+02   8.9025283e+02   1.4411988e+02
   3.2732654e+02   1.1525787e+03   2.4260509e+02
   1.7356475e+02   9.0866431e+02   2.2344683e+02
   1.5190437e+02   7.9269022e+02   1.1189948e+01
   2.6785696e+01   9.1833840e+02   3.5200470e+02
   1.5651743e+02   7.8905419e+02   9.4469522e+00
   1.9216914e+02   8.8274867e+02   1.5237024e+02
   3.2861836e+02   9.4376501e+02   5.5620259e+01
   2.2629201e+01   1.0289034e+03   2.6732702e+02
   2.2479782e+02   8.2899219e+02   3.1604824e+02
   5.7985322e+01   8.8680935e+02   2.6676409e+02
   3.1132872e+02   1.0130683e+03   3.6632533e+02
   5.9302244e+01   1.0337469e+03   1.4374397e+02
   2.3200952e+02   9.9249938e+02   2.6616327e+02
   1.1645429e+02   1.1260406e+03   3.3589916e+02
   3.8360052e+02   7.8973877e+02   6.6569796e+01
   2.5087708e+02   8.4878842e+02   3.0822129e+02
   3.5031205e+02   9.0595560e+02   6.2276763e-01
   1.1825505e+02   9.8399382e+02   3.3277574e+02
   1.6216923e+02   1.0951015e+03   5.3196680e+01
   7.0567885e+01   1.1497810e+03   3.2226323e+02
   2.0723581e+01   9.9921803e+02   2.5107547e+01
   3.9791503e+02   8.7024001e+02   1.4062043e+02
   1.1102617e+02   9.4545951e+02   3.7166501e+02
   2.9780981e+02   1.0718698e+03   3.8113468e+02
   2.6737756e+02   9.2027493e+02   2.5857136e+02
   5.6169778e+01   9.5266214e+02   1.5616631e+02
   3.8124632e+02   8.7502983e+02   4.3824608e+01
   1.5409341e+02   7.8699116e+02   1.4012231e+02
   1.5769712e+02   8.9243391e+02   2.8266790e+02
   3.4770230e+02   9.1008893e+02   2.3561049e+02
   3.7743087e+01   1.1187848e+03   6.9931452e-01
   7.9507885e+01   9.7556803e+02   1.1216283e+02
   3.0965573e+02   1.0626109e+03   5.6988682e+00
   2.1754398e+02   8.6863613e+02   1.5358726e+02
   1.7412724e+02   8.9040110e+02   1.5210376e+02
   1.7549696e+02   1.0193950e+03   3.9263616e+02
   3.0484268e+02   1.0091966e+03   4.3889861e+01
   2.9509886e+02   8.0764258e+02   7.2008183e+00
   3.2970504e+02   9.5048462e+02   3.8539613e+02
   1.1274186e+02   1.0045840e+03   2.4824575e+02
   1.3831956e+02   8.6745673e+02   9.3273408e+01
   1.3426287e+01   8.2144702e+02   3.5727460e+02
   2.9015005e+02   1.0574851e+03   3.7515459e+02
   2.9530540e+02   1.0598378e+03   1.7359809e+02
   3.3737691e+01   9.5751482e+02   1.3645446e+02
   3.4696445e+02   9.5318635e+02   4.7096557e+01
   9.5189129e+01   8.5269021e+02   3.6909347e+01
   3.4158071e+02   9.8826069e+02   2.4376689e+02
   3.9083662e+02   9.6581415e+02   2.8913227e+02
   2.5099744e+02   9.7205586e+02   2.2261944e+02
   1.0781169e+02   9.5507247e+02   1.7212608e+02
   4.0869588e+01   1.0359498e+03   1.5062567e+02
   3.7618116e+02   8.5409369e+02   2.4959278e+02
   3.6038335e+02   1.0967112e+03   8.6384589e+00
   1.9602115e+02   1.1365257e+03   1.4803631e+02
   1.0181156e+02   8.1063782e+02   6.3020823e+00
   5.0483895e+01   1.0533249e+03   3.9721896e+02
   1.3302095e+02   7.8369463e+02   3.7910044e+02
   2.6821663e+02   1.1146066e+03   3.4683346e+02
   2.0870155e+02   9.0500162e+02   2.3488116e+02
   1.7737102e+01   7.9177238e+02   1.5043999e+02
   2.7772330e+02   8.1240494e+02   2.3165548e+02
   3.2386913e+02   1.0674658e+03   3.2243338e+01
   3.7835230e+02   9.0559621e+02   3.0359713e+02
   2.4555944e+02   8.5760974e+02   3.4291009e+02
   2.7553450e+02   8.8327582e+02   1.2274324e+02
   3.1562609e+02   9.5495581e+02   2.4881888e+02
   1.0141348e+02   9.4939577e+02   1.6531622e+02
   1.8836042e+00   1.1091248e+03   2.1619676e+02
   3.9997760e+02   1.0590459e+03   3.9100272e+02
   2.7936877e+02   9.3771455e+02   3.9529471e+02
   1.9639437e+02   7.9969916e+02   2.0956881e+02
   8.2892503e+01   8.0206574e+02   3.9684789e+02
   2.4814721e+02   8.9210308e+02   1.6115030e+02
   2.3846032e+02   7.8533033e+02   3.3049352e+02
   1.7357237e+02   8.5198166e+02   2.7437820e+02
   1.4525384e+02   1.1305518e+03   2.5842226e+02
   1.1678329e+02   9.6335163e+02   2.2647030e+02
   3.7838479e+02   8.5600984e+02   2.1872299e+02
   2.3399313e+02   7.8499168e+02   1.7711130e+02
   2.5064611e+02   9.0768515e+02   2.8316887e+02
   3.9979212e+02   8.5943297e+02   1.7155325e+02
   2.6771033e+02   1.0146606e+03   7.8467409e+01
   3.1190779e+02   9.1078634e+02   1.2942567e+02
   1.7034148e+02   9.3229772e+02   1.9087194e+02
   1.0577354e+02   8.8969278e+02   3.7425933e+02
   2.2148923e+02   8.4398863e+02   1.2687321e+02
   3.2402234e+02   9.2276525e+02   1.4366931e+02
   3.3778029e+01   8.7502042e+02   7.3156023e+01
   9.6583071e+01   1.0317986e+03   2.6016812e+01
   1.6518933e+01   9.2278544e+02   1.0136629e+02
   1.4212898e+02   9.0153856e+02   3.7874263e+02
   1.9889882e+02   7.9697062e+02   3.0953473e+02
   2.7764770e+02   8.8104142e+02   1.5554013e+00
   2.6097189e+02   8.1306250e+02   2.8028961e+01
   6.2589076e+01   1.1053281e+03   3.0018677e+02
   3.5675501e+02   8.2154662e+02   2.8901784e+02
   3.3688063e+02   9.8206478e+02   3.5233203e+02
   1.2651085e+02   7.8410293e+02   3.5743427e+01
   4.7696857e+01   9.8537225e+02   2.6549778e+02
   1.1219887e+02   8.5691050e+02   1.4576385e+02
   3.8999051e+02   1.1500423e+03   3.1487002e+02
   3.1725459e+02   8.2516008e+02   3.1725968e+00
   3.2214225e+02   7.8871364e+02   2.4646899e+02
   3.5777686e+02   1.0957527e+03   3.0384004e+02
   1.0074544e+02   9.0062592e+02   3.5523524e+02
   2.7287613e+02   8.4420187e+02   8.3012777e+01
   6.5851051e+01   7.8929174e+02   2.3230312e+02
   3.5740809e+02   1.0122191e+03   4.3272626e+00
   9.5278950e+01   7.9679686e+02   5.4575441e+01
   1.1789646e+02   1.0365759e+03   3.8461791e+02
   3.3019985e+02   8.1746536e+02   3.2628327e+02
   3.1959288e+01   9.1097993e+02   3.3544802e+02
   3.2500873e+02   1.1259844e+03   2.1260441e+02
   2.6737825e+02   8.0629209e+02   3.5203979e+02
   1.0060055e+02   9.1200434e+02   2.6285721e+02
   2.2942773e+02   1.0372433e+03   2.9958288e+02
   6.3385212e+01   1.1334450e+03   2.1467740e+02
   9.8059141e+01   1.0726893e+03   3.2366864e+02
   2.7163826e+02   9.4385227e+02   3.9367479e+02
   2.5068707e+02   1.0927566e+03   3.0184395e+02
   3.3577214e+01   1.0908646e+03   8.7047864e+01
   5.9105237e+01   1.0194274e+03   2.3386476e+02
   2.0782843e+02   9.2011252e+02   8.4421615e+01
   1.4140525e+02   8.0757161e+02   3.8209407e+02
   5.5665570e+01   1.0130314e+03   2.4554801e+02
   1.8106069e+02   8.9259391e+02   1.1105234e+02
   8.8153323e+01   8.6053007e+02   5.7710877e+01
   1.2324856e+02   1.0464313e+03   2.8371676e+02
   1.3326390e+02   8.0025899e+02   9.8571291e+00
   1.6687235e+02   8.9595751e+02   3.0388914e+02
   3.4522093e+02   9.2148867e+02   2.7416873e+02
   2.8467798e+02   8.3659651e+02   2.3918444e+02
   2.7124576e+02   1.0398886e+03   1.6421805e+02
   1.7983845e+02   8.8680921e+02   2.6760270e+02
   6.8245322e+01   1.0239651e+03   2.0534734e+02
   3.0277098e+02   9.6139229e+02   1.8431404e+02
   2.7311284e+02   8.8954345e+02   3.9780391e+02
   2.9716813e+02   9.8533456e+02   1.4864686e+02
   1.7130225e+02   9.3543855e+02   2.5650310e+02
   3.7851570e+02   1.1145796e+03   3.0340194e+01
   1.3015261e+02   9.8897231e+02   2.5859549e+02
   3.0670782e+02   9.7857732e+02   3.8993037e+02
   2.2364498e+02   9.8543826e+02   3.1198457e+02
   1.7455517e+02   9.6286963e+02   7.2884708e+01
   3.9455741e+02   8.1393448e+02   2.0398597e+01
   1.2553102e+02   1.1502490e+03   1.3948487e+02
   2.1237091e+02   8.8122587e+02   4.5112511e+01
   2.9027242e+02   8.8557325e+02   8.5077151e+01
   2.1867649e+02   9.9896740e+02   2.6075963e+02
   2.7600548e+02   9.8904370e+02   2.4323786e+02
   7.6774797e+01   1.0772533e+03   2.3845672e+02
   1.9627125e+02   8.1152292e+02   2.3895681e+02
   9.5944002e+01   9.6283336e+02   5.6547518e+01
   1.8326596e+02   7.9495162e+02   3.1826959e+02
   9.2318391e+01   1.0134905e+03   2.7617413e+02
   1.7456999e+02   9.4694879e+02   3.2276794e+02
   6.0649699e-01   9.3012530e+02   3.3851044e+01
   2.4457126e+02   9.7163526e+02   3.1863145e+02
   2.4880492e+02   8.1993312e+02   2.2788025e+02
   2.9142835e+02   8.4200015e+02   3.1049993e+02
   5.7179123e+01   7.8390947e+02   1.2249059e+02
   5.4842367e+01   8.2462403e+02   2.1661538e+02
   2.1985856e+02   1.0161904e+03   2.0826455e+02
   3.0099344e+02   9.0663710e+02   1.1347153e+02
   1.9189281e+02   1.0719321e+03   2.0982956e+02
   1.0501860e+02   8.8215535e+02   2.1661476e+02
   2.2029681e+02   9.2787317e+02   9.8766513e+01
   2.3394500e+02   8.9333404e+02   1.4711593e+02
   2.7211759e+02   8.5072707e+02   9.8628155e+01
   5.7603858e+01   1.0500944e+03   2.3767843e+02
   3.4302008e+02   1.1533272e+03   2.3880276e+02
   3.5230518e+02   8.9839181e+02   1.5209313e+02
   3.1983053e+02   8.4359238e+02   9.2353017e+01
   2.3965307e+02   9.6058196e+02   1.8072297e+02
   3.4014792e+02   8.8163381e+02   2.4386760e+02
   3.4779480e+01   9.3644076e+02   2.0505689e+02
   1.7429598e+02   9.7261314e+02   8.7837183e+01
   1.6688719e+02   7.8689473e+02   3.8519900e+02
   7.0856062e+01   1.0259888e+03   1.9269996e+02
   3.3280707e+01   8.6660781e+02   2.8169457e+02
   3.6078389e+02   7.8446174e+02   1.9322015e+02
   1.5739903e+01   8.3778393e+02   3.3509097e+02
   3.6281408e+02   8.0127083e+02   3.2662058e+02
   2.7867471e+02   1.0879759e+03   3.2273685e+02
   1.1952995e+02   1.0598804e+03   2.7866697e+02
   2.0050885e+02   1.0617846e+03   1.4642752e+02
   3.5924954e+02   8.0159968e+02   1.9460463e+02
   2.9605681e+02   8.5045557e+02   9.9657262e+01
   3.3990186e+02   8.2934206e+02   9.3223364e+01
   1.9970264e+01   8.0735319e+02   9.9876278e+01
   2.0186618e+02   1.0549128e+03   7.0033558e+01
   2.1592453e+02   1.0900454e+03   1.8127833e+02
   3.5209795e+02   8.4778223e+02   3.6061531e+02
   8.8403862e+01   9.0326794e+02   2.8004018e+02
   1.8228337e+02   8.4086364e+02   2.2146202e+02
   1.4179446e+02   8.1476194e+02   1.8506202e+02
   3.5648077e+02   8.5577626e+02   1.3341807e+02
   2.6004329e+02   1.0588774e+03   1.5719664e+02
   9.8829858e+01   8.1085612e+02   2.9802322e+02
   4.6411182e+00   8.2893860e+02   2.3498954e+02
   1.2959525e+02   1.1028063e+03   1.0954766e+02
   1.1400852e+02   1.1596696e+03   1.1799503e+01
   2.5504152e+02   9.7311459e+02   9.6914048e+01
   1.0649366e+02   8.0506372e+02   2.0555690e+02
   1.5041315e+02   8.4049486e+02   1.7595070e+02
   2.7437822e+02   9.3236543e+02   3.4333316e+02
   2.2863762e+02   7.8133795e+02   1.0626851e+02
   1.7815230e+02   1.1435467e+03   8.6819097e+01
   1.0152088e+02   9.2016482e+02   1.5114857e+02
   9.7424364e+01   9.9483378e+02   7.7846150e+01
   2.9091153e+02   9.3828934e+02   1.4510588e+02
   3.7963703e+02   9.1748674e+02   3.1147316e+02
   2.0677994e+02   9.8111420e+02   3.2058267e+02
   6.0000939e+01   7.8058549e+02   2.7233392e+02
   2.7016705e+02   8.5733071e+02   7.0951467e+01
   1.9315099e+02   1.0898655e+03   5.9914744e+01
   3.0224683e+02   1.0644753e+03   3.6106348e+02
   2.0901923e+02   1.1429917e+03   2.8940794e+02
   2.3375479e+02   1.0392434e+03   5.3079763e+01
   9.7348991e+01   8.5794169e+02   1.9263000e+02
   2.5515008e+02   1.1009400e+03   2.4704095e+02
   9.2412596e+01   8.4514100e+02   8.4766229e+01
   1.2668618e+01   1.0267720e+03   2.4860220e+02
   3.5354809e+02   8.1323240e+02   6.7603511e+01
   3.3823336e+02   7.8556857e+02   1.2836642e+01
   1.2523681e+02   9.6962686e+02   2.6422743e+02
   3.5985903e+01   1.0397427e+03   1.0302612e+02
   2.8474517e+02   8.9843502e+02   1.2594098e+02
   1.5832978e+02   9.1728662e+02   3.8260362e+02
   1.4710689e+02   9.7895982e+02   5.3817719e+01
   1.3443858e+02   9.4866026e+02   1.5561719e+02
   1.2475704e+02   9.7987378e+02   7.8367197e+01
   4.3903033e+01   8.4690878e+02   1.2157396e+02
   2.2183004e+02   8.1914755e+02   2.2246887e+02
   1.1524567e+02   8.5105069e+02   3.8228694e+02
   3.7461956e+02   9.1715837e+02   3.4187331e+02
   3.9668382e+02   8.4562914e+02   2.6150680e+02
   2.4308897e+02   9.4203112e+02   1.2500060e+02
   3.0075940e+02   1.1270095e+03   1.4570047e+02
   3.2800763e+02   9.8818142e+02   2.7136970e+02
   1.0135101e+02   1.0980437e+03   2.1725820e+02
   3.9637592e+02   1.0761135e+03   7.1507355e+01
   1.2413502e+02   1.1157734e+03   3.1021253e+02
   2.7190472e+02   9.6731115e+02   2.1096181e+02
   2.5045021e+02   9.6856206e+02   1.4171832e+02
   3.7581751e+02   8.2196741e+02   1.4379503e+02
   6.7261912e+01   1.0662677e+03   2.3003257e+02
   1.7675513e+02   9.8564879e+02   1.5081705e+02
   2.1448467e+02   1.0823302e+03   2.9859846e+02
   1.3645518e+02   1.0268763e+03   2.0065777e+02
   1.6671790e+02   1.0149410e+03   1.4324808e+02
   2.0710519e+02   1.1132584e+03   3.8129815e+02
   2.6461140e+01   7.9276776e+02   3.8193903e+02
   1.7584446e+02   1.0595945e+03   1.4740143e+02
   2.6006357e+02   9.7482782e+02   6.3688537e+01
   3.0020721e+02   9.3643684e+02   1.1312462e+02
   2.3348323e+02   7.9562457e+02   2.0356977e+02
   2.5689339e+02   1.0959164e+03   9.2159914e+01
   1.0753783e+02   9.8325222e+02   1.4358533e+02
   2.8956441e+02   7.9095239e+02   3.5924742e+02
   7.7276100e+01   9.0951500e+02   2.7323030e+02
   8.9238133e+01   1.0134934e+03   3.4745997e+01
   7.0103641e+01   8.0120396e+02   3.5796320e+02
   9.7215492e+01   1.1479477e+03   2.1361447e+02
   9.0076750e+01   8.0712748e+02   6.0417023e+01
   6.5599651e+01   1.0379343e+03   2.5076689e+02
   1.4888410e+02   7.9235846e+02   1.6127838e+02
   1.3983095e+02   1.1567835e+03   2.2069347e+00
   1.3048822e+02   7.8081658e+02   1.5637041e+02
   2.3023998e+02   9.9030364e+02   2.5695305e+02
   2.4003109e+02   9.5499671e+02   2.7926362e+02
   3.0902316e+02   1.0022660e+03   1.8501965e+02
   1.6889769e+02   9.6329537e+02   5.0144607e+01
   3.1624895e+02   9.1587549e+02   2.4248147e+02
   1.5551478e+02   1.0124294e+03   1.8029000e+02
   3.8932988e+02   7.9337620e+02   1.1461992e+02
   6.7818549e+01   9.2005803e+02   1.6379357e+02
   2.1151563e+02   1.1292238e+03   6.6803067e+01
   5.9694899e+01   8.1330008e+02   2.7449009e+02
   1.6413743e+02   9.6699890e+02   3.2238105e+02
   5.8814755e+01   9.7507933e+02   7.1831970e+01
   2.7126656e+02   8.2775413e+02   2.0926963e+02
   1.5027507e+02   7.8700992e+02   1.4851404e+02
   1.6572432e+02   1.1585610e+03   8.6058416e+01
   1.9746163e+02   1.1419016e+03   1.8490591e+02
   4.8941469e+00   1.0367198e+03   2.1489150e+02
   2.6633478e+02   1.0191260e+03   1.3394170e+02
   2.9299265e+02   8.0865255e+02   1.0542346e+02
   1.2596740e+02   7.9205515e+02   3.0888366e+02
   1.7387206e+02   8.5777313e+02   2.1608184e+02
   1.0934061e+02   9.7269603e+02   1.0174284e+02
   2.1868738e+01   8.3751150e+02   8.0453603e+01
   1.1303360e+02   1.0139598e+03   1.5393731e+02
   1.1925104e+02   1.0176595e+03   2.1266231e+02
   1.1599527e+02   8.0527157e+02   2.2756884e+02
   2.4422171e+02   9.1245911e+02   1.2124625e+02
   3.0796311e+02   8.7400455e+02   2.0926753e+01
   1.6821947e+02   8.4153187e+02   8.1891369e+01
   1.3192968e+02   8.2642862e+02   2.4755258e+02
   2.2267621e+02   1.0708577e+03   6.1253237e+01
   3.3744819e+02   1.0408668e+03   1.8280156e+01
   1.2378638e+02   8.5550225e+02   2.3960967e+02
   3.9002611e+02   9.4189191e+02   3.3273776e+02
   2.6703680e+02   1.0823142e+03   2.9886972e+02
   1.5671052e+02   1.1544720e+03   5.7481839e+01
   8.1786029e+01   8.3285304e+02   1.3392721e+02
   1.6322428e+02   1.0391780e+03   7.4174455e+01
   2.1368187e+02   8.3617716e+02   1.5692206e+02
   2.2557118e+01   1.1237957e+03   4.9912284e+01
   2.9156829e+02   9.6273188e+02   2.1433675e+02
   2.9515578e+01   1.0422317e+03   2.7614727e+00
   3.6236751e+02   8.5977605e+02   1.3768269e+02
   2.9492316e+02   9.8797733e+02   2.5945296e+02
   1.7647589e+02   1.1424216e+03   2.9141349e+02
   1.0843508e+02   9.6000958e+02   1.1318319e+02
   2.6123418e+02   1.0491517e+03   2.0087755e+02
   3.8479735e+01   7.8879574e+02   2.8310888e+02
   1.0821963e+02   9.9165754e+02   2.3073711e+02
   1.5825617e+02   9.1075540e+02   3.2768006e+02
   2.0022038e+02   8.6305325e+02   2.2551824e+02
   2.5194364e+02   7.8977890e+02   2.2736723e+02
   1.6794395e+02   9.3175138e+02   1.7970935e+02
   6.7546708e+01   1.0288380e+03   1.2113270e+02
   3.1262676e+02   1.1245592e+03   2.2985829e+02
   1.4599218e+02   1.0910369e+03   3.7719462e+02
   1.4025601e+02   9.0631792e+02   2.4798205e+01
   2.0035676e+02   8.5102406e+02   2.7200069e+02
   2.8154675e+02   8.3666199e+02   1.4515515e+02
   3.3830822e+02   7.9363467e+02   9.7576742e+01
   1.1981292e+01   1.0639220e+03   1.7328354e+02
   1.4833520e+02   1.0666565e+03   1.3357963e+02
   1.5313346e+02   1.0935423e+03   1.3405149e+02
   2.4419244e+01   9.4495911e+02   2.0875132e+02
   2.8273895e+02   1.0142776e+03   2.9693052e+02
   2.1061793e+02   1.0670872e+03   2.6803835e+02
   5.0885318e+01   8.7362530e+02   1.8809284e+02
   2.8112536e+02   8.2267317e+02   2.1370766e+01
   4.7600563e+01   9.7025151e+02   1.5011935e+02
   2.7115082e+02   1.0858150e+03   3.9613552e+02
   7.2463919e+01   8.1768807e+02   2.6623912e+02
   3.4599395e+02   8.7101730e+02   3.2426249e+02
   9.2553572e+01   9.2440395e+02   4.9335963e+01
   2.6590873e+01   1.0238109e+03   9.7835251e+01
   9.6967422e+01   8.0612265e+02   3.1786930e+02
   3.4337654e+02   8.7955550e+02   1.9551210e+02
   2.7114606e+02   8.5630859e+02   1.5178533e+02
   3.7796755e+02   9.9200152e+02   3.1898546e+02
   1.4178226e+02   9.5073396e+02   3.6654724e+02
   3.9488436e+02   8.7759394e+02   2.2270009e+02
   3.5166035e+02   8.9938099e+02   2.0022533e+02
   8.3181782e+01   8.0897124e+02   2.4498995e+02
   1.7404190e+02   1.0659222e+03   1.5519481e+02
   2.0615761e+02   8.1862107e+02   1.6805187e+02
   4.3774803e+01   1.0084778e+03   2.4310706e+02
   3.8482822e+02   1.1398603e+03   2.5503903e+02
   2.8953735e+02   9.4782766e+02   9.8227301e+01
   1.7578532e+02   1.1490708e+03   1.2767799e+02
   8.1725766e+01   1.0550137e+03   2.4715265e+02
   1.4072103e+00   8.6373065e+02   1.3000423e+02
   3.9516476e+02   1.1200036e+03   2.4119666e+02
   9.2886508e+01   1.1582712e+03   2.1374304e+02
   3.9300499e+02   1.1241984e+03   7.1251396e+01
   2.8509128e+02   1.0442520e+03   3.8877707e+02
   3.2871438e+02   8.4526427e+02   3.8741863e+02
   7.4389205e+01   9.5593133e+02   3.7513565e+02
   3.7955405e+02   1.0725559e+03   4.5096868e+01
   1.3217874e+02   9.0949446e+02   1.8780144e+02
   2.9198712e+02   1.0722452e+03   1.1434271e+02
   2.5929823e+02   8.7261798e+02   2.8813699e+01
   3.1374659e+02   9.8809079e+02   3.9004853e+02
   2.3499054e+02   7.9979587e+02   1.7412011e+02
   3.7798368e+02   7.8428061e+02   1.8846453e+02
   3.4250575e+01   7.8557917e+02   3.5331614e+02
   2.4870333e+02   1.0365026e+03   1.2661297e+02
   1.8776682e+02   8.4368667e+02   1.6132807e+02
   2.2221573e+02   9.4332881e+02   3.0316000e+02
   1.1352458e+02   7.9841337e+02   1.7164198e+02
   1.3880329e+02   1.0278575e+03   1.6049282e+02
   2.3922558e+02   8.5848105e+02   1.9223732e+02
   2.2982199e+02   9.5238141e+02   2.6840661e+02
   1.0794318e+02   8.9407035e+02   3.5575448e+02
   7.1914385e+01   9.3102045e+02   2.9062733e+02
   2.8631292e+02   8.1914785e+02   2.3422607e+02
   1.3235052e+02   1.1386233e+03   1.5952055e+02
   1.2750830e+02   1.0453021e+03   3.1499500e+02
   2.3266539e+02   8.7158683e+02   8.8660856e+01
   3.8062212e+02   1.0283048e+03   3.2271268e+02
   2.3605105e+02   1.1067375e+03   2.2976524e+02
   7.4059257e+01   8.8403976e+02   1.0525996e+02
   6.6526113e+01   7.9965946e+02   1.3076167e+02
   2.6369081e+02   9.3625041e+02   6.7990432e+01
   2.5965837e+02   1.0041349e+03   1.2489735e+02
   1.2499370e+02   1.1461240e+03   1.6418692e+02
   3.8483329e+02   7.9310071e+02   1.1224791e+02
   2.9133368e+02   9.6453969e+02   3.2117897e+02
   2.6888228e+02   1.1455912e+03   3.8392502e+02
   3.0827737e+02   8.0415556e+02   2.1362009e+02
   3.4463578e+02   8.4389054e+02   2.1243983e+02
   1.6939652e+02   9.1825489e+02   3.4792233e+01
   3.1727810e+01   1.0840829e+03   2.0111217e+02
   3.4958109e+02   8.8101166e+02   2.6253362e+02
   2.5490825e+02   8.4633699e+02   9.6389781e+01
   3.2229766e+02   9.3872657e+02   2.6956224e+02
   1.9422784e+02   9.2393815e+02   1.7865301e+02
   7.9061306e+01   1.0809521e+03   1.5670981e+02
   3.0282196e+02   9.0423843e+02   3.1800539e+02
   8.4094181e+01   8.4531616e+02   9.3174559e+01
   1.0990871e+02   8.0263880e+02   9.7169545e+00
   2.0328045e+02   1.0788343e+03   1.2132873e+02
   3.1449526e+02   9.1893971e+02   2.9512648e+02
   1.4469769e+02   8.2678973e+02   1.4863643e+02
   2.1890210e+02   9.0341257e+02   1.2798541e+02
   2.5273964e+02   9.2831967e+02   3.0045943e+02
   1.3357418e+01   8.6424028e+02   1.4216226e+02
   3.1611527e+02   1.0110838e+03   7.5171501e+01
   2.9096557e+02   8.9445626e+02   2.9208698e+01
   6.6247229e+01   8.0932346e+02   2.2971548e+02
   2.1969498e+02   8.1797410e+02   1.4868031e+02
   7.4235295e+01   7.8047943e+02   2.7539166e+02
   2.5976429e+02   9.1458232e+02   2.9188826e+02
   3.6630070e+02   8.8608718e+02   1.4194981e+02
   3.1009119e+02   1.0439879e+03   9.2760189e+01
   3.7403037e+02   9.0103284e+02   1.7761039e+02
   4.0875112e+00   7.8249462e+02   1.0497393e+02
   2.0483819e+02   8.7384852e+02   3.0978355e+02
   2.7606493e+02   9.5322834e+02   3.2093655e+01
   1.1852611e+02   9.4418427e+02   5.3920834e+01
   2.9159422e+02   9.5679144e+02   5.9538350e+01
   3.7135101e+02   8.6104996e+02   1.4150452e+02
   2.8324749e+02   9.0700193e+02   5.2033506e+01
   2.4228862e+02   7.8614229e+02   2.8522188e+02
   1.8881230e+02   1.1243458e+03   1.0350169e+00
   1.1847192e+02   1.1514612e+03   1.5514162e+02
   2.2420928e+02   9.4496620e+02   4.8839429e+01
   4.0191726e+01   7.9302144e+02   8.9639772e+01
   2.4576378e+02   8.2528431e+02   3.1538489e+02
   3.9182657e+02   1.0254521e+03   1.0540359e+02
   2.4121441e+02   1.0488339e+03   2.9978048e+02
   3.0389988e+02   1.0253732e+03   1.3310194e+02
   2.2568177e+02   1.0656221e+03   9.8806445e+01
   3.7179609e+02   1.0692032e+03   2.1170211e+02
   1.7615329e+02   8.1969092e+02   2.7913887e+02
   1.3376761e+02   1.1326771e+03   7.9634142e+01
   1.5041936e+02   9.0518979e+02   2.6869692e+02
   2.6840476e+02   8.8838798e+02   3.4168090e+02
   1.0964889e+02   8.1818306e+02   1.6178196e+02
   3.4884735e+02   1.0626426e+03   2.3283807e+02
   1.0921444e+02   9.0410848e+02   1.4658691e+02
   7.3170849e+01   9.1180501e+02   8.3060902e+01
   3.0803391e+02   7.8008555e+02   2.8343419e+02
   3.3932904e+02   8.4382212e+02   3.4321584e+02
   3.0191619e+02   1.0711552e+03   1.8098029e+02
   3.3114567e+02   1.0374784e+03   2.1090264e+02
   1.9379216e+02   9.7443288e+02   3.2191210e+02
   2.2573415e+02   1.0480992e+03   3.9007793e+01
   1.0122397e+02   1.0163742e+03   3.4648454e+02
   2.0100127e+02   7.9492903e+02   3.1930965e+02
   3.8183015e+02   1.1290098e+03   3.1245803e+01
   3.9704753e+02   7.8208990e+02   2.3759893e+02
   2.0690325e+02   9.8427894e+02   1.7041564e+02
   8.8489517e+01   9.9021051e+02   3.5406459e+02
   4.0863806e+01   1.0905528e+03   2.5018873e+01
   1.5971354e+02   1.0645535e+03   1.0138982e+02
   5.6362496e+01   9.2921595e+02   2.6411809e+02
   3.4080411e+02   1.1115218e+03   4.3324951e+01
   9.9317603e+01   8.5493997e+02   1.6038144e+02
   2.9828063e+02   9.7008909e+02   3.9236774e+01
   2.9512323e+02   1.1205832e+03   1.8182784e+02
   2.7938399e+02   8.3251064e+02   2.1142258e+02
   4.6458570e+01   1.0830217e+03   2.2396470e+02
   3.0928057e+02   1.0129224e+03   2.1057039e+02
   2.9133132e+01   9.2641878e+02   6.9162205e+01
   1.2663233e+02   8.5789126e+02   8.8326376e+01
   3.2231450e+01   8.1777469e+02   2.1210878e+02
   1.1734009e+02   8.3216855e+02   5.1619304e+01
   1.5555855e+02   1.0208029e+03   1.7230979e+02
   6.3840722e+01   1.0843027e+03   2.4288810e+02
   3.2487033e+01   7.9527182e+02   1.3466178e+02
   7.3890279e+01   7.8295049e+02   1.3876914e+01
   1.0789489e+02   9.6135057e+02   1.7191552e+02
   1.4000541e+02   7.9313034e+02   2.1994640e+02
   2.2007820e+02   1.0449510e+03   2.1146962e+02
   1.1844223e+02   1.0973719e+03   1.1821138e+02
   6.4391584e+01   9.8595009e+02   4.0746124e+00
   6.5369162e+01   7.9657431e+02   2.7801076e+02
   1.9610003e+02   8.3844858e+02   4.0558824e+00
   2.3443455e+02   8.7897660e+02   2.1490290e+02
   3.6962369e+02   9.5077442e+02   9.0072180e+01
   3.1503420e+02   8.6220824e+02   1.8544274e+02
   2.9918121e+02   1.0079314e+03   9.7245385e+01
   3.4975661e+02   5.4119160e+02   7.9668169e+01
   1.6480549e+02   6.1025072e+02   1.6986524e+02
   2.0158019e+02   7.5102456e+02   1.2197639e+02
   1.8850203e+02   7.1329257e+02   3.1406324e+02
   2.9995348e+01   7.1672589e+02   2.6399656e+02
   3.8242193e+01   6.5659493e+02   3.8405819e+02
   2.2177808e+02   6.4584136e+02   4.6574585e+01
   3.0131742e+02   6.3844340e+02   1.8895885e+02
   1.7093236e+02   7.7935073e+02   1.7192557e+02
   1.1279447e+02   6.7463836e+02   3.9498723e+02
   1.8523209e+02   6.3885553e+02   3.3353945e+02
   2.1943177e+02   7.7090571e+02   2.6701848e+02
   3.4170321e+02   5.6225581e+02   2.4400040e+00
   2.2538690e+02   7.6669232e+02   2.2160161e+02
   2.7781731e+02   5.7901346e+02   3.6181548e+02
   9.1419506e+01   6.8674941e+02   3.6313519e+02
   3.0891165e+02   7.6818420e+02   2.8215124e+02
   2.1142533e+02   6.0008814e+02   2.8431224e+02
   3.6254163e+01   7.5920292e+02   2.3522984e+02
   2.2499835e+00   7.7374758e+02   2.9696351e+02
   2.9819390e+00   7.3891050e+02   3.4636336e+02
   1.4044662e+02   6.6076350e+02   1.6152245e+02
   3.8835151e+02   7.3859861e+02   1.4755924e+02
   3.3782322e+02   7.0816331e+02   3.9496545e+02
   3.5849529e+01   5.8435025e+02   2.3196883e+02
   1.3395502e+01   7.6603186e+02   1.6137424e+02
   3.4983958e+02   7.3167613e+02   1.5408428e+02
   2.2992756e+02   7.7798742e+02   1.8431448e+02
   3.4764054e+02   7.7347306e+02   2.5018924e+02
   2.2564024e+02   7.0093592e+02   3.6535423e+02
   3.4807092e+02   7.1717090e+02   2.8121138e+02
   3.6237882e+02   6.5835046e+02   3.5488486e+02
   1.7763359e+02   6.8694897e+02   3.5427018e+02
   1.0637902e+01   7.6867925e+02   2.4840504e+02
   2.0152825e+02   6.6575460e+02   2.3727810e+02
   3.4064013e+02   7.1625788e+02   1.2540506e+02
   1.8453959e+02   6.4992063e+02   3.3702864e+02
   1.9106344e+02   6.9530243e+02   2.4331377e+02
   2.3363093e+02   6.6112510e+02   2.2108932e+02
   1.9507740e+02   6.2591354e+02   1.4811876e+02
   1.0727020e+02   6.6378844e+02   3.2984586e+02
   1.7227489e+02   5.6940694e+02   3.5653546e+01
   3.2030696e+02   6.3118498e+02   2.8971500e+02
   1.9607979e+02   7.3517343e+02   3.4102417e+02
   2.2946846e+02   6.9665835e+02   1.6329418e+02
   2.0591596e+02   6.0475104e+02   5.9613212e+01
   2.0851152e+02   6.2797501e+02   1.6777469e+02
   1.3955735e+02   6.0891286e+02   3.3802781e+02
   1.6193985e+02   6.8485696e+02   3.5717740e+02
   2.0522034e+02   7.6983863e+02   2.9363981e+02
   2.7917702e+02   6.3971218e+02   1.2191124e+01
   9.5057229e+01   6.1499459e+02   3.1693547e+01
   2.7738843e+02   7.6435593e+02   2.8897525e+02
   3.7058398e+02   7.6456793e+02   1.6469218e+02
   1.7475329e+02   7.4048113e+02   1.6909458e+02
   4.6404090e+01   7.4155456e+02   2.3200214e+02
   2.9135537e+02   7.7052992e+02   2.6104212e+02
   1.5533201e+02   7.3287864e+02   7.7022423e+01
   2.5255343e+02   7.1529190e+02   2.7183509e+02
   7.1792289e+01   7.3530941e+02   3.9759175e+02
   2.8233833e+02   6.8115345e+02   9.2632380e+01
   2.8730099e+02   6.7988396e+02   2.0843180e+02
   2.3828578e+02   6.2639715e+02   2.9882365e+02
   1.3070306e+02   6.7465814e+02   3.4540356e+02
   2.8706870e+02   6.5244713e+02   1.6444807e+02
   3.1845043e+02   6.6018040e+02   1.2168446e+02
   1.7238659e+02   6.6958682e+02   1.0144704e+02
   2.0114907e+02   6.9167853e+02   8.7731160e+01
   3.6902199e+01   5.9345615e+02   3.1523440e+02
   3.6330422e+02   5.6689815e+02   5.4422306e+00
   9.6779885e+01   7.2928468e+02   2.4379333e+02
   1.8909889e+02   5.8884785e+02   3.1041684e+02
   2.4241409e+02   6.9698550e+02   2.3833481e+02
   1.2143862e+02   5.7157341e+02   1.4088792e+02
   3.5466244e+02   5.4258251e+02   3.8256584e+02
   5.8545460e+01   6.5901423e+02   9.7522921e+01
   3.1855991e+02   7.3336553e+02   6.0486074e+01
   3.3919569e+02   6.4664130e+02   1.8570189e+02
   4.5124305e+01   6.9726437e+02   1.0502416e+02
   3.0942032e+01   7.7791588e+02   3.9167353e+02
   6.3369423e+01   5.5023679e+02   2.0727315e+02
   2.6185715e+02   5.7053341e+02   2.3090213e+02
   3.9491614e+02   5.9350582e+02   1.3194688e+02
   3.4850946e+02   7.5935653e+02   1.4162568e+02
   2.9692589e+02   7.6387884e+02   4.1761270e+01
   1.9507770e+02   7.1628371e+02   2.8499146e+02
   2.6789783e+02   7.7349220e+02   3.2046236e+02
   3.6884489e+02   5.7050986e+02   2.4063677e+02
   1.6127651e+02   5.9206264e+02   3.6027633e+02
   1.7530140e+02   6.5616893e+02   2.0436693e+02
   3.0425928e+02   6.9235360e+02   2.9729710e+02
   2.7435921e+02   5.7652554e+02   8.4979564e+01
   1.6804636e+02   6.5055597e+02   1.0989177e+01
   2.9193232e+02   7.1830868e+02   1.3597859e+02
   5.0283015e+01   6.2878120e+02   1.4569713e+02
   4.5027108e+01   6.4070139e+02   3.4185392e+02
   4.6707905e+01   6.8966525e+02   1.2218699e+02
   1.4570899e+02   5.5210781e+02   8.8191996e+01
   2.5502826e+02   7.7250395e+02   1.0678446e+02
   1.0177093e+02   7.1296048e+02   6.4155881e+01
   2.8608212e+02   7.3864457e+02   9.8825342e+01
   2.3727065e+01   6.3743024e+02   1.2575979e+01
   2.2506219e+02   6.0806521e+02   3.1008991e+02
   1.8303605e+02   6.0571749e+02   3.0526109e+02
   2.0307255e+02   7.5981772e+02   1.6566027e+02
   2.8077978e+02   7.3119545e+02   9.9007002e+01
   1.3300386e+02   6.1772955e+02   2.4500970e+01
   7.8625793e+01   5.7222743e+02   1.1568376e+02
   1.4724518e+02   7.2164451e+02   9.6387355e+01
   1.7467729e+02   7.3437666e+02   3.3872083e+01
   5.9272181e+01   7.0390619e+02   1.7200620e+02
   1.6743151e+02   5.6563165e+02   2.4676340e+02
   3.3668581e+02   7.4690472e+02   9.3173884e+01
   2.1851711e+02   6.1515984e+02   1.5567620e+02
   3.1136929e+02   5.5664867e+02   2.5004125e+02
   6.4172662e+01   7.7057099e+02   5.2480445e+01
   3.8663430e+02   7.1173900e+02   3.6729108e+02
   9.0032611e+01   6.6636592e+02   9.5551737e+01
   2.0841700e+02   5.7195305e+02   2.5884340e+02
   2.1368805e+02   6.5762365e+02   3.3414738e+02
   1.8012245e+02   5.7526308e+02   1.1054402e+02
   1.0677182e+02   7.4066375e+02   8.1930233e+01
   7.7972252e+01   6.8140516e+02   3.7715007e+01
   1.7138464e+02   6.4872941e+02   1.3530872e+02
   2.0446105e+02   6.4269582e+02   1.4814448e+02
   1.3387239e+02   5.7108889e+02   1.5140058e+02
   1.7724806e+01   6.9230946e+02   3.0886451e+02
   4.9532418e+01   7.7913967e+02   1.4161679e+01
   1.5090490e+02   7.7070767e+02   2.1127275e+02
   7.7083832e+01   5.7443655e+02   1.9231292e+02
   2.9800479e+02   6.8203026e+02   2.6292677e+01
   1.9132343e+02   6.8221267e+02   2.8012224e+02
   3.4399417e+02   7.0161049e+02   3.0713342e+02
   2.7763100e+02   7.1488652e+02   1.7216911e+02
   1.5078972e+02   6.4455081e+02   4.3732017e+01
   2.0489641e+02   6.9190024e+02   1.8009953e+02
   3.1117289e+02   6.2547600e+02   1.6992222e+02
   3.4386608e+02   7.7319149e+02   1.1712734e+01
   1.2898802e+02   6.3641562e+02   3.1426714e+02
   3.1226221e+02   5.9991281e+02   8.4488464e+01
   2.3558817e+02   7.5649233e+02   9.2711431e+01
   3.9969109e+01   5.4067302e+02   1.2595189e+02
   6.6307054e+01   6.9337617e+02   1.0226781e+02
   2.3933178e+02   5.6223892e+02   1.0496662e+02
   2.7571266e+01   7.5778713e+02   2.8538090e+02
   9.9309829e+01   6.9946551e+02   6.6625959e+00
   3.8863715e+02   6.6308210e+02   2.7743464e+02
   3.2761904e+02   7.1292206e+02   3.8858076e+02
   3.7227062e+02   7.4078895e+02   1.4748555e+02
   2.3385098e+02   6.5767199e+02   2.1354479e+02
   3.0287500e+02   6.3279080e+02   9.3490441e+01
   3.3162467e+02   6.9525856e+02   3.1202250e+02
   9.2336902e+01   6.4043915e+02   1.5033796e+02
   1.3533322e+02   6.3708731e+02   1.6424357e+00
   1.1067888e+02   6.8901693e+02   1.0453071e+02
   1.5983525e+02   6.6809624e+02   2.9523685e+02
   5.5314508e+01   6.5347030e+02   6.7865730e+00
   3.9251340e+01   6.5554128e+02   3.4817657e+02
   4.2685148e+01   7.7998703e+02   2.9481281e+02
   1.2340917e+02   7.6313018e+02   2.9175517e+02
   5.7996394e+00   6.2634998e+02   2.6255708e+01
   3.0945545e+02   7.1915896e+02   1.6161022e+02
   2.0148852e+02   6.6443430e+02   1.5787995e+02
   1.3590060e+02   5.9636784e+02   1.6486622e+02
   3.8001089e+02   7.2490971e+02   1.5389097e+02
   9.6562616e+01   6.1641887e+02   2.4642075e+02
   1.4937049e+02   6.9894136e+02   1.3509834e+02
   3.0943011e+02   5.6653573e+02   1.8479352e+02
   1.5827566e+02   6.8093945e+02   3.0202812e+02
   3.0415533e+02   6.0597322e+02   3.1663019e+02
   3.3852769e+02   6.2511321e+02   4.7177936e+01
   2.1376545e+02   7.3466713e+02   3.0526520e+02
   2.9340821e+02   6.3634624e+02   3.3903101e+02
   4.8718874e+01   7.3218549e+02   3.0597327e+02
   9.4847319e+01   5.9147997e+02   3.1405595e+02
   3.5647754e+02   7.3462863e+02   2.8962159e+02
   2.7617064e+02   6.2726512e+02   2.4852055e+02
   2.3154523e+02   6.1971910e+02   2.6956065e+02
   2.3682349e+02   6.1811154e+02   1.7431923e+02
   2.3606388e+02   7.1364471e+02   1.7839885e+01
   3.9097364e+02   7.7543489e+02   2.2706499e+02
   3.3438844e+02   5.9169215e+02   1.3805596e+02
   3.9907073e+02   6.5972160e+02   1.4628749e+02
   3.7163807e+02   6.9090510e+02   1.2823750e+02
   3.6851428e+02   6.0593036e+02   2.6142727e+02
   2.9637374e+02   5.7550311e+02   2.7902680e+02
   1.8483556e+02   7.7306014e+02   1.5231979e+02
   3.1687209e+02   6.4232381e+02   3.6313491e+02
   3.6209202e+02   6.1787644e+02   1.1842275e+02
   1.0426777e+02   7.6193809e+02   2.9715395e+02
   3.2792789e+01   7.4989824e+02   1.5917526e+02
   2.3856719e+02   5.5067193e+02   2.7185179e+02
   2.6482207e+02   6.8669362e+02   1.7115367e+02
   3.0233257e+02   7.1818472e+02   1.2507852e+02
   3.0209597e+00   6.5255234e+02   2.2022799e+02
   1.6699150e+02   7.0726069e+02   1.9061048e+02
   2.7964407e+02   7.3737995e+02   9.4005016e+01
   2.9766853e+02   6.6665117e+02   2.5416934e+02
   1.8404307e+02   6.8909758e+02   2.0778578e+02
   1.1105942e+02   7.2762690e+02   7.9555068e+01
   2.7791809e+02   6.4117791e+02   2.3584216e+02
   3.5794875e+02   5.7383967e+02   2.8044467e+02
   3.7850462e+02   6.6964064e+02   2.1455170e+02
   1.7637983e+02   5.4150824e+02   9.0796030e+01
   1.6704773e+02   6.9529632e+02   2.0799563e+02
   1.7999002e+02   7.4013361e+02   2.7856388e+01
   1.7820430e+02   6.3106945e+02   2.2953334e+02
   2.7315715e+02   7.1406470e+02   1.3995612e+02
   2.6634709e+02   5.4376012e+02   2.3886704e+02
   1.9621305e+02   5.9594170e+02   1.8989282e+02
   1.0690976e+02   5.7138188e+02   5.3108207e+01
   2.2472495e+01   5.8953681e+02   2.5136040e+02
   2.1683838e+00   7.1340183e+02   1.6026827e+02
   2.6538637e+02   6.5080100e+02   2.6652662e+02
   1.0505797e+02   7.2745617e+02   3.2643751e+01
   1.5043140e+02   7.0146382e+02   2.8963026e+02
   2.0480051e+02   7.5750408e+02   3.3602024e+02
   1.5536687e+02   6.6305430e+02   2.9329676e+02
   2.3681297e+02   7.7063568e+02   6.3649388e+01
   4.6348339e+01   6.7711031e+02   3.2488664e+02
   1.6204816e+02   7.0990276e+02   4.9990105e+01
   1.3930515e+02   7.2663167e+02   2.8781908e+02
   1.3086763e+02   5.4367305e+02   1.7530125e+02
   3.9107468e+02   7.6408966e+02   2.3468163e+02
   1.1103699e+02   6.1088723e+02   2.9473690e+02
   3.6320847e+02   7.1534027e+02   2.7705341e+02
   1.8480991e+02   7.6453176e+02   5.6944808e+01
   3.4515615e+02   7.0213132e+02   3.7520711e+01
   1.5494184e+02   7.4080177e+02   3.5876546e+02
   1.7701613e+02   6.2904220e+02   1.6704958e+02
   3.0412438e+02   5.4349240e+02   3.5799712e+02
   2.7973428e+01   7.0613219e+02   3.5339899e+02
   1.3819957e+02   6.0433463e+02   3.8370920e+02
   1.4607580e+02   6.8524171e+02   3.4084151e+02
   1.1143682e+02   6.9477848e+02   1.0518479e+02
   3.2559009e+02   7.2805059e+02   1.2029901e+02
   2.9881172e+02   6.2353333e+02   7.6657401e+01
   3.4233302e+02   7.5592584e+02   3.0588946e+02
   1.3017643e+02   7.3522044e+02   2.1755331e+02
   2.4298234e+02   7.2080051e+02   2.6448871e+02
   3.9601346e+02   7.5803676e+02   2.7040055e+02
   3.1509136e+02   7.0622875e+02   1.4844082e+02
   9.1799687e+01   7.2266319e+02   1.5862413e+02
   2.2842931e+02   7.1064154e+02   1.8220112e+01
   2.5130245e+01   6.4639577e+02   4.8481863e+01
   1.6903282e+02   7.6402234e+02   2.3579610e+02
   1.3056535e+02   5.5383359e+02   3.8249858e+02
   2.4114815e+02   7.3989088e+02   2.7649419e+02
   2.0844877e+02   7.7873362e+02   1.1787758e+02
   2.2473507e+02   7.4940264e+02   1.4889179e+02
   3.8837064e+02   7.2944488e+02   3.8549810e+02
   1.0147593e+02   7.5745972e+02   3.5488619e+02
   1.6021203e+02   5.4719556e+02   1.3306025e+02
   1.9108340e+02   7.6565547e+02   3.2598653e+02
   3.6915073e+02   7.2622002e+02   2.9476955e+02
   1.8374757e+02   6.2006903e+02   1.0230120e+02
   1.2623607e+01   7.1365438e+02   2.7867819e+02
   3.8881464e+02   5.6842396e+02   3.0098759e+02
   1.1598679e+02   6.4876015e+02   1.3670178e+02
   8.8575487e+01   7.1190602e+02   1.9298653e+02
   2.7900047e+02   6.7149270e+02   2.6384270e+02
   3.8555871e+02   7.6995618e+02   3.8409917e+01
   4.0813917e+01   6.8916316e+02   1.7434260e+02
   2.2330011e+02   6.5946396e+02   3.3308750e+02
   2.8350419e+02   7.0656420e+02   6.1395486e+01
   1.9989722e+02   7.6956460e+02   4.0085703e+01
   3.5251267e+02   7.0534314e+02   4.2679615e+01
   1.2804583e+02   6.4910050e+02   2.5740524e+02
   1.5969767e+02   7.7828002e+02   1.3632255e+02
   1.2376854e+02   5.8284183e+02   9.4975906e+01
   3.1523119e+02   7.7772560e+02   2.9636853e+02
   2.2731065e+02   6.8122828e+02   3.8496559e+01
   2.8240695e+02   6.7007786e+02   1.8869937e+02
   2.2516665e+02   5.8227766e+02   4.4854731e-01
   2.7559568e+02   5.9523605e+02   3.1017383e+02
   1.0092711e+02   5.8033416e+02   3.8187131e+01
   2.3193601e+02   7.3025645e+02   1.5684316e+02
   1.7920419e+02   6.7435518e+02   2.7861034e+02
   3.2397665e+02   7.6381284e+02   2.9154140e+02
   8.8026076e+00   7.4418738e+02   1.6076139e+02
   2.9118002e+02   6.6207164e+02   2.5971598e+02
   4.4083483e+01   7.5640673e+02   3.9376066e+02
   2.4200543e+02   6.9723315e+02   3.3416965e+02
   1.5261256e+02   7.3068637e+02   2.5337083e+02
   8.2037491e+01   7.7074412e+02   1.2794953e+02
   3.4205972e+02   7.0215090e+02   1.4029855e+01
   3.5316573e+02   7.7997949e+02   3.4521297e+02
   3.7496997e+02   6.7249672e+02   2.7363288e+02
   1.2968894e+02   7.1772876e+02   2.2118300e+02
   2.0901764e+02   5.8144543e+02   1.2016287e+01
   2.2823867e+02   7.0157310e+02   2.7449461e+02
   2.6484408e+01   7.1792603e+02   2.1384890e+02
   1.8066368e+02   6.6444124e+02   1.6125870e+02
   3.0197389e+02   7.6040162e+02   1.2095858e+02
   2.3851712e+02   5.6397079e+02   1.2949199e+02
   3.5240844e+02   7.5603200e+02   1.7735128e+02
   9.4028718e+01   6.3772651e+02   1.6290887e+02
   2.8009282e+02   7.4830270e+02   1.1924787e+02
   4.5858670e+01   7.1627599e+02   1.0676365e+02
   2.0819877e+02   7.0472785e+02   2.7139452e+02
   1.5867049e+02   6.3936906e+02   1.4792399e+02
   3.6011582e+02   7.6553945e+02   3.7359141e+02
   2.7844892e+01   7.0395364e+02   3.5662792e+02
   2.7482147e+02   6.7037713e+02   2.3608660e+02
   3.1339590e+02   5.4117968e+02   2.9471875e+01
   2.5448135e+02   7.7118737e+02   4.5952949e+01
   1.7215513e+02   6.7214374e+02   2.2925703e+02
   4.1371369e+01   5.5331429e+02   2.7631477e+02
   3.3051890e+02   6.7295708e+02   1.1071677e+02
   1.1519720e+02   5.6704215e+02   1.5764856e+02
   1.2330107e+02   7.7823413e+02   2.2001320e+02
   2.3883281e+02   6.6345313e+02   2.2388439e+02
   1.6399051e+02   7.4547521e+02   2.6327595e+02
   2.8513242e+02   7.7457433e+02   6.0774912e+01
   1.0233499e+02   7.5560982e+02   3.5635478e+02
   3.9935220e+02   6.0017173e+02   3.0753436e+02
   1.7968905e+02   7.4378455e+02   3.8769067e+02
   2.0426308e+02   7.4310344e+02   3.0626461e+02
   1.0771883e+02   7.4326990e+02   3.7325611e+02
   7.9768184e+01   7.7360101e+02   1.7819423e+02
   3.5268690e+02   6.7228140e+02   1.0547668e+02
   3.6103352e+02   7.4047664e+02   2.3616374e+02
   8.8952834e+01   7.3095253e+02   2.9373403e+02
   3.7046029e+02   6.3759369e+02   3.6603950e+01
   1.9174570e+02   7.1801250e+02   2.1362918e+02
   2.5180152e+02   5.4249276e+02   3.2337024e+02
   1.8823193e+02   7.4297701e+02   1.1704552e+02
   1.8405915e+02   6.0959549e+02   2.9638996e+02
   1.6360470e+02   7.0760783e+02   3.1501797e+01
   1.8222738e+02   6.4513361e+02   1.0316510e+02
   9.5999462e+01   7.0620381e+02   3.7443797e+02
   3.4440912e+02   6.9318496e+02   3.5121046e+02
   1.2203558e+02   5.7843490e+02   1.0164987e+01
   1.1172461e+02   6.7360688e+02   2.2258824e+02
   7.5932150e+01   5.7848255e+02   2.1332544e+02
   2.6100698e+02   6.6732423e+02   2.8752441e+02
   1.7419879e+02   6.7953206e+02   2.4022431e+02
   2.1878933e+02   6.8088128e+02   1.3945337e+02
   2.2866779e+02   6.2556344e+02   2.4891488e+02
   1.2143599e+02   7.0408996e+02   2.5461867e+02
   3.8564072e+02   6.5023851e+02   3.3878627e+01
   3.7726146e+02   7.2944205e+02   1.7792540e+02
   3.5844212e+02   6.9507966e+02   3.6763628e+02
   2.1451428e+01   7.3250040e+02   2.6031236e+02
   1.2670079e+02   6.8495325e+02   2.0450070e+02
   2.4523826e+02   6.9562401e+02   7.9464508e+00
   1.2531305e+02   6.4102925e+02   5.6591814e+01
   2.1570544e+02   7.4119296e+02   1.8107046e+02
   3.0648349e+02   5.8153013e+02   1.5731843e+02
   3.5238738e+02   7.3121229e+02   1.6375656e+02
   1.4985334e+02   7.3120833e+02   2.4098306e+02
   8.5664075e+01   6.0755127e+02   2.7875651e+01
   1.0578165e+02   6.4795203e+02   5.8396983e+01
   3.8431333e+02   6.8927980e+02   7.6172221e+01
   7.8221065e+01   6.2326886e+02   2.8070784e+02
   9.9379206e+01   6.4706239e+02   1.1582492e+02
   1.1044904e+02   6.4932050e+02   2.0019604e+02
   4.9481950e+01   6.5284879e+02   1.8479080e+02
   4.1141201e+01   6.8179969e+02   2.0598756e+02
   2.5663400e+02   7.4862118e+02   1.2967087e+01
   2.4762217e+02   7.6074525e+02   3.1130849e+01
   2.6422821e+02   7.4693306e+02   2.4630879e+02
   2.7938478e+02   7.6760374e+02   6.4420827e+01
   2.8184365e+02   5.6784448e+02   1.5669694e+02
   2.8265392e+01   7.2461432e+02   2.9872169e+02
   6.3812247e+01   5.4163952e+02   6.6705940e+01
   3.7111872e+02   7.4258253e+02   3.0886957e+02
   2.7479643e+02   7.6700536e+02   2.6802488e+02
   2.2828338e+02   6.0539436e+02   2.5645662e+02
   2.3300772e+02   6.8416608e+02   1.0029965e+02
   2.1422074e+01   5.7835644e+02   3.1394345e+02
   2.3513277e+02   6.1033081e+02   1.0489871e+02
   3.3289960e+02   7.2704346e+02   3.6065874e+02
   2.5417372e+02   5.5410125e+02   3.3553261e+02
   1.1092127e+02   6.2593177e+02   2.9786694e+02
   3.7189492e+02   7.1628735e+02   2.0106890e+02
   3.7875919e+02   7.2401625e+02   1.1157081e+02
   1.5427354e+02   6.1506413e+02   2.9922813e+02
   8.6098754e+01   6.7558774e+02   3.7446378e+02
   1.7980316e+02   6.5967889e+02   5.0290625e+01
   1.2849844e+02   7.5699617e+02   3.3316516e+02
   3.4932677e+02   6.6563204e+02   2.6683329e+02
   2.3520647e+02   6.0701300e+02   2.7001780e+02
   2.5651211e+02   6.1546088e+02   3.6359592e+02
   3.9076608e+02   6.4957485e+02   1.2276024e+02
   2.7814206e+01   7.0950789e+02   3.2443573e+01
   3.7440017e+02   7.0522420e+02   3.0711285e+02
   8.8709231e+01   6.2184431e+02   3.3723864e+01
   1.3688293e+02   7.4519933e+02   6.9723821e+01
   2.0080633e+02   7.7134430e+02   1.0801778e+02
   1.7213487e+01   6.1356006e+02   3.2464799e+02
   2.7544825e+02   7.2432716e+02   1.8896415e+02
   3.4517076e+02   7.6702058e+02   2.9560753e+02
   2.0333877e+01   7.4565351e+02   1.1767656e+02
   6.9425281e+01   7.7787911e+02   1.1364074e+02
   2.9057493e+02   6.0024071e+02   2.4052661e+02
   3.3404367e+02   7.4001390e+02   2.0295536e+02
   2.1481045e+02   6.6877916e+02   8.4934966e+01
   1.0810511e+01   5.5002374e+02   2.6631035e+02
   4.3704931e+01   7.0469452e+02   2.6139130e+02
   6.6779286e+01   7.4350143e+02   2.8198819e+02
   3.5297716e+02   7.2966378e+02   4.1416814e+01
   1.8056247e+02   6.9801280e+02   1.1580585e+02
   3.3959868e+01   6.7842737e+02   2.8314135e+02
   2.1212871e+02   7.2803840e+02   1.5081351e+02
   1.3499155e+02   5.7292151e+02   1.7891929e+02
   1.5335773e+01   6.2085993e+02   1.4007873e+02
   3.6668856e+02   7.1998506e+02   2.5279946e+02
   1.9276577e+02   6.5818001e+02   3.7210181e+02
   2.0280974e+02   7.1611982e+02   2.8329196e+02
   2.6120286e+02   6.6733843e+02   7.2387915e+01
   7.5983721e+00   6.6660325e+02   1.1372173e+02
   4.4882966e+01   6.9075076e+02   2.7992810e+02
   2.6182785e+02   5.5383798e+02   3.6053119e+02
   2.0594293e+01   7.7843215e+02   3.5804029e+02
   6.8993356e+01   7.0733869e+02   8.8617589e+01
   2.2890150e+02   7.6195617e+02   1.2291135e+02
   2.9500996e+02   6.8789996e+02   3.7561441e+02
   1.3210653e+02   7.2912347e+02   3.5354991e+01
   8.8133096e+01   7.7552393e+02   1.3373006e+02
   1.3669564e+02   7.6131103e+02   2.5086298e+02
   6.1082485e+01   7.4204204e+02   1.8539455e+02
   3.9280363e+02   6.9170263e+02   1.0400382e+02
   3.5109913e+02   6.4200615e+02   7.1588206e+00
   2.1127196e+02   6.3513948e+02   2.9994706e+01
   1.0601034e+02   7.3176754e+02   5.8261015e+01
   7.8313809e+01   5.9202880e+02   3.6863660e+02
   8.6747032e+01   7.0052364e+02   8.1717743e+01
   2.7242461e+02   6.8430192e+02   6.0993044e+01
   3.7498182e+02   7.3212385e+02   9.2033397e+01
   1.4034705e+02   7.0927693e+02   3.8376161e+01
   1.2520974e+02   6.8040370e+02   2.6572108e+02
   3.6134255e+02   5.7746989e+02   9.6729140e+01
   3.6667525e+02   6.2926602e+02   4.3308188e+01
   2.7776893e+02   5.4793936e+02   3.1286747e+01
   1.0370289e+02   6.6825538e+02   1.4701823e+02
   1.6709524e+02   6.5521439e+02   1.1576370e+02
   1.2181446e+02   6.1699825e+02   2.3313147e+02
   3.3532462e+01   6.2855568e+02   1.3222952e+02
   1.0157708e+02   6.7426860e+02   2.1851243e+02
   9.9658811e+01   7.0356575e+02   1.9528596e+02
   2.8925907e+02   6.8545721e+02   6.1122421e+01
   7.2933498e+01   6.6316715e+02   3.4384088e+02
   1.4671816e+02   7.7281354e+02   3.8670125e+02
   8.1068248e+01   4.5467627e+02   6.8459560e+01
   3.0900175e+02   3.7292813e+02   3.3575711e+02
   3.6569670e+02   5.3290680e+02   2.1810781e+02
   5.6658782e+01   5.1247855e+02   3.7479196e+01
   1.4364806e+02   5.2350933e+02   2.0941584e+02
   1.1789871e+02   3.7875455e+02   3.2412538e+02
   2.5622572e+01   4.4202693e+02   2.8659171e+02
   3.0772877e+02   4.4719787e+02   1.5929193e+02
   2.3296493e+02   5.2676796e+02   1.4660090e+02
   2.0925419e+02   3.5856515e+02   3.2783986e+02
   2.9099647e+02   3.6234324e+02   1.6603509e+02
   5.7331197e+01   7.7151615e+01   3.4610245e+02
   3.6978237e+02   4.5775489e+02   3.0844097e+02
   5.3497749e+01   3.2947116e+02   1.8049943e+02
   2.7710168e+02   3.1931808e+02   1.2322196e+02
   1.0335572e+02   4.3248029e+02   6.5171091e+01
   2.7876830e+02   3.4764272e+02   2.6949419e+02
   2.4386535e+02   3.1229173e+02   1.0891868e+02
   6.8882774e+01   4.5921166e+02   1.5765487e+02
   2.5414210e+01   4.3837684e+02   2.4413931e+02
   8.0962971e+01   4.2290579e+02   1.7644515e+02
   2.0165814e+01   4.9996104e+02   1.7985080e+02
   8.2319756e+01   3.1405806e+02   3.4073119e+02
   1.8869729e+02   5.3607322e+02   3.5512903e+02
   1.4465977e+02   3.8656046e+02   2.2951918e+02
   1.8832991e+00   9.7988267e+01   2.7100018e+02
   1.8440206e+02   3.2897135e+02   3.1573996e+02
   6.3549179e+01   2.6746277e+02   4.7096526e+01
   5.1231993e+01   3.9013127e+02   1.4349419e+02
   3.0824946e+02   1.6508567e+02   1.2558909e+02
   3.5262243e+02   2.0977301e+02   2.6676790e+02
   2.5855066e+02   3.0135897e+02   3.7408996e+02
   6.6570628e+01   4.2297615e+02   6.9077436e+01
   1.6299450e+02   1.1226990e+02   5.6147152e+01
   3.3678093e+02   3.4868595e+02   2.6392264e+02
   1.9013217e+02   3.0630372e+02   6.4930370e+01
   3.4361253e+02   3.5805958e+02   1.5710353e+02
   9.2386144e+01   1.2232700e+02   3.7568117e+02
   2.5138064e+01   5.0322972e+02   8.7654896e+01
   3.8307437e+02   3.4845049e+02   1.0480844e+02
   3.6549556e+02   5.2533037e+02   2.1966788e+02
   1.3191352e+02   2.7948122e+02   2.8051058e+02
   2.4168176e+02   5.2955534e+02   8.4801285e+01
   2.1410494e+02   4.9825889e+02   2.8422329e+02
   2.4577036e+02   3.0738667e+02   7.8190679e+01
   2.5005078e+02   4.4727999e+02   3.1072656e+02
   1.5030485e+01   1.1030136e+02   9.0325761e+01
   3.5981409e+02   4.6248002e+02   2.2480008e+02
   1.5316057e+02   4.0945262e+02   1.1494687e+02
   6.6013511e+01   3.8044756e+02   3.8361147e+02
   3.1706401e+02   5.2934716e+02   1.9069909e+02
   1.2673129e+02   1.7889790e+02   2.7147798e+02
   1.9689274e+01   1.7447986e+02   3.6970959e+02
   2.9714978e+02   4.1075203e+02   1.8023700e+02
   3.3120127e+01   4.2246163e+02   2.1281936e+02
   1.3389149e+02   4.6506543e+02   3.0508013e+01
   3.3307117e+02   9.4556445e+01   1.0992112e+02
   8.9237788e+01   4.7757474e+02   2.6654267e+02
   1.3265965e+02   3.2319342e+02   2.7479483e+02
   1.1917742e+02   5.0699624e+02   1.1201617e+02
   8.9707647e+01   3.7370353e+02   2.3618905e+02
   1.5437745e+02   5.0722463e+02   2.3140747e+02
   3.2624876e+02   1.3343938e+02   2.5072971e+02
   3.3702334e+02   4.5767517e+02   2.0989104e+01
   3.7329815e+02   1.8950224e+02   9.5176005e+01
   2.7616945e+02   5.3828771e+02   9.5323931e+01
   8.1807486e+01   5.0376215e+02   1.5465497e+02
   2.4358248e+02   4.6429593e+02   2.2661241e+02
   2.0580875e+02   4.8035781e+02   1.7438409e+02
   2.3505100e+02   5.0331526e+02   1.5553807e+02
   8.9707439e+01   2.7933373e+02   1.2787569e+02
   1.1187941e+02   4.6382644e+02   1.8350111e+02
   1.1213149e+01   1.1447364e+02   2.7614759e+02
   2.6140918e+02   2.1553550e+02   2.4349257e+01
   2.0344123e+02   3.4593721e+02   2.9648372e+02
   1.3657695e+02   4.2745085e+02   2.8795099e+02
   1.0754198e+02   3.2477242e+02   1.3655004e+02
   1.0705901e+02   4.5903973e+02   2.4074685e+02
   1.9645007e+01   3.8723845e+02   2.5207195e+02
   1.4317420e+02   1.1209760e+02   3.3541691e+02
   2.2665038e+02   4.8187959e+02   5.4129483e+01
   2.0695913e+02   4.7059063e+02   3.0245814e+02
   1.7147128e+02   3.5706611e+02   3.7764082e+02
   1.7217184e+02   3.0629194e+02   3.2833199e+02
   3.9394039e+01   2.1760287e+02   2.5334823e+02
   2.9510296e+01   2.3234316e+02   3.0483821e+02
   3.1932039e+02   1.6979671e+02   2.2013015e+02
   7.9954329e+01   2.0883285e+02   4.3855483e+01
   2.4229674e+02   4.7683152e+02   4.4595210e+01
   2.1357839e+02   3.8673099e+02   1.7431512e+02
   1.4109074e+02   1.8138351e+02   3.5429767e+02
   3.2348153e+02   5.2142591e+02   1.0998036e+02
   2.5386316e+02   4.7685260e+02   2.1597147e+02
   3.7810539e+02   5.3558464e+02   2.9685704e+02
   2.8717114e+02   3.5107985e+02   2.3521250e+02
   2.8656668e+02   4.5734344e+02   1.9186041e+02
   2.1674480e+02   5.1283217e+02   3.1134845e+01
   2.3527459e+02   5.0852452e+02   1.8162756e+02
   2.7181113e+02   4.8925175e+02   3.1733184e+02
   2.5173473e+02   4.1508554e+02   2.0112922e+02
   5.2527752e+01   4.2153638e+02   2.4722369e+02
   3.1374192e+02   3.1319812e+02   2.1444692e+02
   3.4009386e+02   1.2987051e+02   6.4395890e+01
   2.0127104e+02   4.5018290e+02   7.6590791e+01
   1.6114892e+02   5.3152184e+02   9.8784129e+01
   2.0535848e+02   1.6014687e+02   8.2479449e+01
   3.7897871e+02   1.7718834e+02   2.6234980e+02
   2.7495069e+02   4.6919631e+02   2.3027204e+02
   2.2573693e+02   3.5260405e+02   7.0521009e+01
   2.1348896e+02   3.3993714e+02   1.4013411e+02
   7.8642293e+01   4.2194494e+02   2.0243884e+02
   8.1737673e+01   4.7158384e+02   1.0571456e+02
   3.0906872e+01   5.3831037e+02   1.3417358e+02
   3.3484228e+02   5.0650709e+02   3.0572591e+02
   1.2077298e+02   4.8061076e+02   1.1149640e+01
   1.4053520e+02   3.9327383e+02   3.7245521e+01
   3.6551896e+02   2.8879609e+02   3.4931290e+02
   1.5074978e+02   4.7677739e+02   9.6192667e+01
