   1.1472769e+02   1.2223680e+03   1.7740397e+02
   3.4073468e+02   1.2178230e+03   2.4732468e+02
   1.5213534e+01   1.2263097e+03   1.2880445e+02
   1.7616345e+02   1.4987746e+03   1.3203607e+02
   2.7484847e+02   1.2029645e+03   8.0418717e+01
   1.7145485e+02   1.3005928e+03   2.2075178e+02
   2.1262393e+02   1.7151563e+03   1.3803125e+02
   2.9268309e+02   1.3968249e+03   2.3823669e+02
   2.9598274e+02   1.5615455e+03   3.1750206e+02
   2.4057039e+02   1.4774360e+03   2.6964158e+01
   1.8670454e+02   1.2147820e+03   1.7448047e+02
   3.4646884e+02   1.7974766e+03   1.5366826e+02
   3.0278661e+02   1.4933299e+03   1.1174657e+02
   3.4141068e+02   1.8310678e+03   2.5285482e+02
   2.9746002e+02   1.2179958e+03   3.6237084e+02
   1.6233049e+02   1.2958300e+03   9.4893734e+01
   1.4076271e+02   1.4698698e+03   1.5795507e+02
   2.8691453e+02   1.5909343e+03   1.7419573e+02
   1.8665779e+02   1.3978956e+03   1.1416307e+02
   3.2020426e+01   1.2556101e+03   1.3666952e+02
   2.2450349e+02   1.5129982e+03   1.1453829e+02
   3.6883277e+02   1.5506799e+03   1.3945830e+02
   3.2370939e+02   1.7872264e+03   2.9083908e+01
   1.4060766e+02   1.2447388e+03   2.4315603e+02
   1.9590663e+02   1.3695092e+03   3.6750542e+02
   1.7977081e+02   1.6503136e+03   1.6667863e+02
   1.2127315e+02   1.4086431e+03   3.3402125e+02
   3.1441675e+02   1.5111563e+03   1.3388986e+02
   2.7315227e+02   1.7688636e+03   3.5559945e+02
   2.4751520e+02   1.1806377e+03   1.8353195e+02
   3.7378223e+02   1.4707723e+03   1.4531899e+02
   2.2293536e+02   1.4668896e+03   1.8809605e+02
   1.5881242e+02   1.5508599e+03   1.4690988e+01
   3.1979293e+02   1.6029347e+03   1.6571679e+02
   3.2891308e+02   1.7174663e+03   1.3143611e+02
   7.1637950e+01   1.3522941e+03   3.1862706e+02
   2.8669098e+02   1.1762995e+03   3.9621986e+02
   3.8214626e+02   1.4201567e+03   1.4271512e+02
   2.5459145e+02   1.2903166e+03   8.2863538e+01
   1.9442335e+02   1.5522678e+03   9.8764996e+01
   1.1718375e+02   1.5978063e+03   2.9756512e+02
   1.1010178e+02   1.6110356e+03   1.7605008e+02
   3.7060859e+02   1.6086114e+03   1.8511817e+02
   2.5999261e+02   1.5263687e+03   2.0699770e+02
   1.4043651e+02   1.6651856e+03   1.6621328e+02
   1.3175684e+02   1.3140956e+03   2.0519291e+01
   2.5142758e+02   1.3178677e+03   2.2123587e+02
   2.9255389e+02   1.2148023e+03   8.7311257e+01
   2.4124113e+02   1.2713158e+03   2.3413959e+02
   6.1501899e+01   1.4623156e+03   1.3744255e+02
   1.8112686e+01   1.4158037e+03   7.1694089e+01
   3.2139874e+02   1.1759019e+03   2.3656080e+02
   1.6948833e+02   1.3541815e+03   2.4500527e+01
   9.2440355e+00   1.7985021e+03   3.2649058e+02
   8.5430091e+01   1.6550582e+03   8.7071285e+01
   2.1959453e+02   1.3440683e+03   3.7405079e+00
   1.7530165e+02   1.3617315e+03   1.2197333e+02
   3.0948104e+02   1.5444483e+03   1.8835168e+02
   3.2234435e+02   1.4569277e+03   1.7755793e+02
   1.0600450e+02   1.2986823e+03   1.7325638e+02
   1.7236891e+02   1.6919792e+03   2.4781942e+02
   3.3927283e+02   1.5422340e+03   8.4187575e+01
   1.6890908e+02   1.6894900e+03   2.1074159e+02
   1.5662754e+02   1.6333583e+03   2.4371409e+02
   1.5515490e+02   1.1818682e+03   1.8846755e+02
   1.7987024e+02   1.3866469e+03   1.1308174e+02
   3.2632972e+02   1.3576620e+03   3.0718611e+02
   3.0241890e+02   1.5638778e+03   1.2722179e+02
   1.9633047e+02   1.4404862e+03   1.6942511e+02
   6.4058127e+01   1.3328828e+03   2.9266926e+02
   9.6174071e+01   1.2998668e+03   2.1263945e+01
   2.9268829e+02   1.2398618e+03   2.6596735e+02
   1.8548258e+02   1.3934029e+03   3.0800262e+02
   2.3263630e+02   1.6044463e+03   1.4952464e+02
   3.0468895e+02   1.3689265e+03   7.7125367e+01
   3.8283675e+02   1.2915006e+03   1.6423637e+02
   1.0438217e+02   1.3073431e+03   2.2637890e+02
   1.5088463e+02   1.5985860e+03   1.3066700e+02
   1.1820180e+02   1.2420826e+03   2.2268839e+02
   2.3227097e+02   1.2943747e+03   7.6342906e+01
   4.7082409e+01   1.8496958e+03   7.3340627e+01
   1.9096009e+02   1.4742107e+03   3.7168060e+01
   4.6371854e+01   1.3786223e+03   3.4852441e+02
   2.5426928e+02   1.3339255e+03   2.4523763e+02
   3.2423865e+02   1.8167311e+03   2.6300111e+02
   3.6226074e+02   1.4680498e+03   2.2999144e+02
   3.1264741e+02   1.2734525e+03   2.3163475e+02
   3.3759925e+02   1.3782543e+03   3.0644147e+02
   1.0821292e+02   1.2949401e+03   2.6448903e+02
   2.4391204e+02   1.2649008e+03   1.4492499e+02
   1.0787669e+02   1.4165352e+03   2.3248594e+02
   4.6092096e+01   1.5164606e+03   3.3414810e+02
   2.9290763e+02   1.3199476e+03   2.9592677e+02
   2.2410818e+02   1.3788356e+03   3.6041213e+02
   2.1573338e+02   1.2000579e+03   8.2867894e+01
   1.9295555e+02   1.4701124e+03   2.5706253e+02
   1.2591151e+02   1.3646761e+03   8.3484672e+01
   1.6638130e+02   1.4121615e+03   1.3841262e+02
   1.7466137e+02   1.5896257e+03   2.4504420e+02
   3.5778251e+02   1.4150874e+03   9.7612162e+01
   3.8295573e+01   1.5834858e+03   8.2605380e+01
   9.5191214e+01   1.4235530e+03   1.2726663e+02
   1.5890526e+02   1.4983127e+03   1.0714593e+01
   1.5171092e+02   1.5151305e+03   2.0134037e+02
   2.9686802e+02   1.2682644e+03   2.3505962e+02
   3.0745592e+02   1.3818703e+03   3.2643471e+02
   2.6561729e+02   1.4654822e+03   3.2950871e+02
   2.4134883e+02   1.7243742e+03   3.1193565e+02
   6.8376049e+01   1.8123802e+03   1.8340074e+01
   1.0045914e+02   1.2084021e+03   2.8155537e+02
   2.5894707e+02   1.8351095e+03   3.7206136e+02
   1.3926226e+02   1.2696873e+03   2.8152715e+02
   2.2846449e+02   1.5986523e+03   2.7969547e+02
   8.2872595e+01   1.2145165e+03   2.3269820e+02
   9.3517117e+01   1.6177620e+03   1.6355683e+02
   1.3893626e+02   1.4019483e+03   3.7988853e+02
   2.6276339e+01   1.3013730e+03   2.2237890e+02
   2.7240901e+02   1.2827295e+03   3.0919309e+02
   6.5004646e+01   1.2213515e+03   1.5901771e+02
   1.6261303e+02   1.5440127e+03   3.1379610e+02
   5.8860920e+01   1.3241330e+03   1.3645992e+00
   2.9708482e+02   1.3940966e+03   2.7979746e+02
   3.6354827e+02   1.4616115e+03   2.1110719e+02
   5.9258161e+01   1.8172327e+03   2.4298953e+02
   2.7747466e+02   1.3925967e+03   6.5571810e+01
   3.5223561e+02   1.2353407e+03   1.5917464e+02
   6.5300235e+01   1.3399553e+03   2.8912877e+02
   2.7825769e+02   1.3161438e+03   2.2789732e+02
   1.7874288e+02   1.3536027e+03   2.3629698e+02
   2.5706271e+02   1.3104783e+03   3.4027370e+02
   1.5468341e+02   1.4986608e+03   9.0875530e+01
   2.5744923e+02   1.4122686e+03   2.0079606e+02
   1.1540417e+02   1.6577935e+03   2.2841836e+02
   1.8279262e+02   1.4542194e+03   1.1395252e+02
   2.7689417e+02   1.5395166e+03   2.5974599e+02
   2.2308131e+02   1.1757815e+03   2.2280692e+02
   2.5755410e+02   1.3404653e+03   2.9572426e+02
   1.1615409e+02   1.6519614e+03   1.2767424e+02
   3.1725237e+02   1.5770245e+03   6.0232780e+01
   2.4755669e+02   1.4065638e+03   1.0889308e+02
   1.3964994e+02   1.3405015e+03   2.3330984e+01
   1.8214462e+02   1.2120171e+03   1.2336246e+02
   2.8407976e+02   1.3923234e+03   1.5289003e+02
   3.6619366e+02   1.3000811e+03   2.0065082e+02
   2.5956334e+02   1.4996593e+03   3.4907573e+02
   1.0020528e+02   1.3800603e+03   1.7334218e+02
   2.0527464e+02   1.3428938e+03   2.0991539e+02
   3.2692957e+02   1.5200445e+03   1.3009290e+02
   1.1316016e+02   1.5184822e+03   1.1213828e+02
   3.1493535e+02   1.3762763e+03   5.7103503e+01
   2.7269801e+02   1.6332244e+03   7.1228058e+00
   6.6617754e+01   1.2379309e+03   3.8914213e+02
   2.1756958e+02   1.5451266e+03   5.8280921e+01
   1.4092881e+02   1.2666465e+03   9.6981941e+01
   2.3560697e+02   1.3501938e+03   1.1153346e+02
   3.9527392e+02   1.6930002e+03   2.3180862e+02
   3.0181638e+02   1.4803020e+03   1.6785407e+02
   3.7150916e+02   1.3178186e+03   1.6139807e+02
   4.9281552e+01   1.5403573e+03   2.7010735e+02
   2.8590673e+02   1.8381078e+03   3.2249575e+02
   3.1425287e+02   1.2622454e+03   2.7068461e+02
   2.4624220e+02   1.6629285e+03   2.2908847e+02
   2.8683260e+02   1.5468776e+03   6.4993333e+00
   2.6951492e+02   1.1637115e+03   1.4556345e+02
   1.8410468e+02   1.4684382e+03   2.9307895e+02
   4.5891025e+01   1.3527160e+03   1.3582716e+02
   3.1637645e+02   1.5967035e+03   1.7866738e+02
   2.5117158e+02   1.4937518e+03   2.0566471e+01
   3.0737214e+02   1.5899989e+03   1.7217653e+02
   2.5179417e+02   1.5170509e+03   8.4240337e+01
   3.9099172e+02   1.7435897e+03   1.7871035e+02
   1.2545085e+02   1.6309476e+03   1.1221242e+02
   3.4070427e+02   1.7588700e+03   2.0873439e+02
   9.6808188e+01   1.1931293e+03   3.5972302e+02
   1.6190701e+02   1.3261598e+03   6.7491675e+00
   2.2272920e+02   1.3965816e+03   3.1937962e+02
   3.3400355e+02   1.3439333e+03   9.2072059e+01
   1.1918678e+02   1.4344344e+03   1.0498832e+02
   1.6246463e+02   1.3811665e+03   2.8204540e+02
   1.0567048e+02   1.5704950e+03   1.3890713e+02
   2.6747671e+02   1.5473835e+03   4.2237572e+01
   7.3169617e+01   1.4865549e+03   3.9143974e+01
   2.1165254e+02   1.3450940e+03   3.8159302e+01
   1.8725855e+02   1.3610398e+03   1.3795701e+02
   1.0971991e+01   1.3038689e+03   1.4242557e+02
   2.2356673e+02   1.6791895e+03   2.1736280e+02
   2.8605743e+02   1.3032663e+03   2.9680935e+02
   3.1650633e+02   1.6615088e+03   1.6375279e+02
   1.4410236e+02   1.5395318e+03   1.7188577e+02
   3.0748057e+02   1.4601056e+03   8.0067975e+01
   3.9811851e+02   1.5295737e+03   2.7486887e+02
   4.3904708e+01   1.3758027e+03   2.1623005e+02
   2.2190182e+02   1.7177652e+03   1.8098119e+02
   1.5913329e+02   1.4195791e+03   2.2337405e+02
   1.6525047e+02   1.2718465e+03   1.1047066e+02
   2.7304203e+02   1.4167973e+03   8.9497427e+01
   2.1422133e+02   1.5371412e+03   1.5433431e+02
   2.2182862e+02   1.1789949e+03   3.4173450e+02
   1.6678804e+02   1.3166430e+03   4.2074467e+01
   2.5385174e+02   1.3412030e+03   6.7888345e+01
   2.2509430e+02   1.7358402e+03   3.3301916e+02
   1.6407454e+02   1.6152826e+03   2.7169837e+02
   1.4556330e+02   1.6287642e+03   3.6494800e+02
   3.4880590e+02   1.4199639e+03   5.2149323e+01
   2.0338202e+02   1.3950142e+03   3.0331772e+02
   2.3402879e+02   1.3836008e+03   1.0257123e+02
   2.4141033e+02   1.2488006e+03   3.4974282e+02
   3.6302108e+02   1.2776915e+03   1.7794324e+02
   2.2023922e+02   1.6597131e+03   1.2212024e+01
   1.6259706e+02   1.6580508e+03   1.5666162e+02
   3.9100725e+02   1.4451027e+03   3.9550500e+01
   1.6545665e+02   1.3114323e+03   3.5869947e+02
   2.4725374e+02   1.7041854e+03   7.8936943e+01
   4.7623114e+01   1.3832168e+03   2.7226535e+02
   1.0074510e+02   1.3487794e+03   1.3724353e+02
   9.5961308e+01   1.2718219e+03   1.8358680e+02
   1.5286593e+02   1.6402471e+03   2.3456989e+02
   3.1767685e+02   1.5601319e+03   3.0466804e+02
   3.3653294e+02   1.1658050e+03   1.3203996e+02
   3.4456074e+02   1.2110159e+03   1.5083148e+02
   1.3042971e+02   1.2212324e+03   9.5078663e+01
   1.7846781e+02   1.2069560e+03   8.9447591e+00
   2.1776264e+02   1.6161183e+03   1.2850262e+02
   2.7125638e+02   1.5180626e+03   1.4765401e+02
   2.8718814e+02   1.5377081e+03   1.6079434e+02
   3.6074628e+02   1.2688073e+03   1.0369587e+02
   3.0519719e+02   1.4671394e+03   1.7596617e+02
   2.0018090e+02   1.7092657e+03   3.0796854e+02
   2.9070299e+02   1.5302632e+03   1.5570480e+02
   3.6386277e+02   1.4310102e+03   1.7481324e+02
   6.3720763e+01   1.1719650e+03   3.1648072e+02
   1.6632173e+02   1.2546709e+03   2.2464101e+02
   3.0938645e+02   1.6605830e+03   2.4585934e+02
   3.2544096e+02   1.2204012e+03   3.0053492e+02
   7.3762102e+00   1.1977270e+03   1.8558890e+02
   2.5682204e+02   1.6623930e+03   3.6084098e+02
   3.9740019e+02   1.6944704e+03   2.3724331e+02
   2.3700220e+02   1.7617435e+03   7.3430134e+01
   1.1138815e+02   1.6491078e+03   3.6540398e+02
   9.8820106e+01   1.3085990e+03   2.4823733e+02
   2.9398411e+01   1.3471162e+03   1.2192231e+02
   3.5117483e+02   1.3475063e+03   2.0932720e+02
   2.9461558e+02   1.7723935e+03   1.7416133e+01
   3.4856839e+02   1.7692361e+03   4.9768965e+01
   1.0954858e+02   1.1686781e+03   2.8155961e+02
   1.9921836e+01   1.3073080e+03   2.9948705e+01
   2.3584941e+02   1.7462916e+03   2.0246075e+02
   4.6590193e+01   1.6001504e+03   3.0569259e+02
   3.4570363e+02   1.3993769e+03   1.0228195e+02
   2.9116903e+02   1.5597130e+03   2.1563638e+02
   2.3690639e+02   1.6777030e+03   2.6926738e+02
   1.6808750e+02   1.5069412e+03   1.5912411e+02
   1.7404601e+02   1.7387590e+03   3.3782631e+02
   2.4632087e+02   1.5586302e+03   2.4309770e+02
   3.2859052e+02   1.6889694e+03   1.3174216e+02
   1.7666424e+02   1.5950971e+03   1.7148757e+02
   2.2134795e+02   1.7870464e+03   1.5144395e+02
   9.1746453e+01   1.7218765e+03   2.7266045e+02
   2.6020481e+02   1.6857786e+03   1.1927679e+02
   1.2611638e+02   1.5643208e+03   3.0070084e+02
   1.8638565e+02   1.3583707e+03   6.8469925e+01
   1.6572367e+02   1.3397474e+03   3.0280279e+02
   1.4507304e+02   1.6955717e+03   1.1622575e+02
   1.5976467e+02   1.5527244e+03   6.0065729e+01
   8.9734526e+01   1.7044286e+03   5.0762064e+00
   2.7183239e+02   1.2271259e+03   3.8068162e+02
   1.0797385e+02   1.3778149e+03   2.0808760e+02
   6.7753401e+01   1.7424131e+03   6.1503264e+01
   2.5547307e+02   1.4892206e+03   1.5502739e+02
   2.5560981e+02   1.2228053e+03   1.8430076e+02
   1.9665354e+02   1.6001811e+03   2.1141434e+02
   2.3157599e+02   1.7429572e+03   8.5050311e+01
   2.7114158e+02   1.6771938e+03   2.1230765e+02
   2.7421135e+02   1.5689410e+03   2.2990537e+02
   1.8989246e+02   1.7580774e+03   6.2818061e+01
   3.6658893e+01   1.2914182e+03   3.5533681e+01
   1.2162885e+02   1.4194778e+03   1.2220676e+02
   1.1666798e+02   1.7770474e+03   2.7190193e+02
   2.6163093e+02   1.5743228e+03   1.5479388e+02
   3.0904191e+02   1.2729798e+03   5.1807571e+01
   3.6377820e+02   1.4859909e+03   2.1686302e+02
   3.5611921e+02   1.2802309e+03   1.1253149e+02
   1.5803896e+02   1.6722288e+03   2.9868830e+01
   2.2231410e+02   1.1667944e+03   2.1730969e+01
   3.0916893e+02   1.2163913e+03   3.6564484e+01
   3.3404789e+01   1.2130260e+03   1.9266114e+02
   1.1266859e+02   1.4513207e+03   4.2713529e+01
   1.3956904e+02   1.6566742e+03   2.0089601e+02
   3.0146155e+02   1.5523334e+03   1.8427326e+02
   2.1627717e+02   1.2085170e+03   6.1998170e+01
   3.0372731e+01   1.2860268e+03   9.6737105e+01
   7.4034709e+01   1.7316060e+03   3.9046466e+02
   2.2762928e+02   1.4314602e+03   1.3552641e+02
   2.5281408e+02   1.3683402e+03   8.9183275e+01
   9.8213823e+01   1.3815255e+03   1.0462495e+02
   1.1057249e+02   1.2453952e+03   3.4667273e+02
   2.6336276e+02   1.6387466e+03   2.0494653e+02
   6.7275201e+01   1.1819780e+03   1.1089259e+02
   2.1412038e+02   1.7241172e+03   1.5008732e+02
   2.5852890e+02   1.2688351e+03   1.6602055e+02
   5.7981265e+01   1.1939489e+03   2.3118070e+02
   3.2120897e+01   1.5463348e+03   7.7314241e+01
   1.1803677e+02   1.5581827e+03   1.6604017e+02
   2.5618118e+02   1.6280196e+03   3.0794473e+02
   6.0464144e+01   1.6552241e+03   3.1853566e+02
   3.9739618e+02   1.4204694e+03   1.7369333e+02
   2.3638630e+02   1.7835297e+03   2.6511706e+02
   1.7483489e+02   1.4565212e+03   2.8953475e+02
   2.3113473e+02   1.4884158e+03   1.7927439e+02
   1.7433484e+02   1.7167496e+03   7.5290473e+01
   2.6949612e+02   1.4816924e+03   2.1765530e+01
   2.5047814e+02   1.6145066e+03   1.3665021e+02
   1.9016484e+02   1.2638374e+03   2.9614679e+02
   8.6732393e+01   1.2727995e+03   3.8448976e+02
   2.4692452e+02   1.3742037e+03   2.6574561e+02
   2.4549086e+02   1.2644212e+03   2.2100683e+02
   3.0879898e+02   1.4910984e+03   7.3433165e+01
   2.4131132e+02   1.7896885e+03   1.1986534e+02
   3.4440390e+02   1.6830615e+03   1.2873786e+02
   2.1080178e+02   1.2441684e+03   1.3517740e+02
   2.7513203e+02   1.4940144e+03   9.7331764e+01
   2.1640553e+02   1.4545024e+03   9.8556621e+01
   8.5509447e+01   1.3516867e+03   6.8698151e+01
   2.7963262e+02   1.2721255e+03   2.0975434e+01
   2.6287107e+02   1.3807493e+03   2.9059787e+02
   3.0170635e+02   1.3481276e+03   1.7920434e+02
   2.3321366e+02   1.4272845e+03   2.3967748e+02
   2.5755050e+02   1.1891985e+03   8.7311994e+01
   3.1629138e+02   1.6762848e+03   1.4813297e+02
   3.4448627e+02   1.6777886e+03   4.0218854e+01
   2.6909569e+02   1.3007997e+03   8.8256605e+01
   3.2247254e+02   1.2329050e+03   4.4287714e+01
   2.9926462e+02   1.7742784e+03   2.9621766e+02
   2.8783331e+02   1.5180714e+03   2.4792383e+02
   3.2159692e+02   1.2854955e+03   2.2520075e+02
   7.3718279e+01   1.2110382e+03   1.9135045e+02
   2.8421433e+02   1.1799290e+03   3.7965238e+02
   1.4395241e+02   1.5503875e+03   2.9793882e+02
   1.3022047e+02   1.6914296e+03   1.8791075e+02
   2.7468684e+02   1.2438570e+03   3.5093767e+02
   2.3914447e+02   1.7517248e+03   4.9371496e+01
   5.6423932e+01   1.2384983e+03   1.6084095e+02
   1.0741641e+02   1.5293926e+03   9.5919190e+01
   2.7096078e+02   1.2075256e+03   3.4856902e+02
   2.5086951e+02   1.3465351e+03   2.1952922e+02
   2.2271111e+02   1.5337434e+03   1.4251084e+02
   1.9689535e+02   1.4602248e+03   2.5350724e+02
   2.6747021e+02   1.5183320e+03   3.6639724e+02
   1.1473803e+02   1.7256168e+03   2.7785281e+01
   1.8007009e+02   1.2527461e+03   3.3354787e+02
   2.0806250e+02   1.6181328e+03   1.0949107e+02
   1.9726324e+02   1.7177167e+03   2.1203653e+02
   3.3299679e+01   1.6123247e+03   1.9785861e+02
   2.2030937e+02   1.3710762e+03   1.6826755e+02
   3.8117056e+02   1.5028035e+03   2.5520513e+02
   1.4273022e+02   1.7250213e+03   1.0029045e+02
   2.4711816e+02   1.7561890e+03   2.4028274e+02
   3.6416843e+02   1.1831086e+03   7.5289218e+01
   3.7921391e+02   1.2209540e+03   4.0296761e+01
   1.0933558e+02   1.2570723e+03   1.5287084e+02
   1.5159391e+02   1.7227829e+03   3.5386217e+02
   1.2936246e+02   1.6314456e+03   2.7175041e+02
   3.1405976e+02   1.3348051e+03   2.6247144e+02
   1.5686518e+02   1.6144668e+03   2.8353710e+02
   3.2386329e+02   1.1872601e+03   2.2482544e+02
   2.4426328e+02   1.3897876e+03   3.4605712e+02
   2.9881799e+02   1.3617847e+03   1.6306303e+02
   3.4103179e+02   1.5451254e+03   2.8427196e+02
   1.9069293e+02   1.7294324e+03   1.3980930e+02
   2.3993248e+02   1.2670159e+03   3.7673155e+02
   1.7568604e+02   1.4530434e+03   3.4811154e+02
   3.3519151e+02   1.3666764e+03   7.3022814e+01
   9.5286626e+01   1.3968248e+03   1.8371988e+02
   2.2309249e+02   1.8054091e+03   2.3415662e+02
   1.8513911e+02   1.7551486e+03   9.0034439e+01
   9.5155998e+01   1.4488664e+03   9.0675505e+01
   1.1225278e+02   1.2651067e+03   6.6676754e+01
   1.5844298e+02   1.2315262e+03   1.9097250e+02
   1.9518090e+02   1.7952885e+03   8.4711343e+01
   2.4719894e+02   1.7333280e+03   2.8590482e+02
   2.0308820e+02   1.7353974e+03   3.4463444e+02
   2.8524160e+02   1.3266761e+03   2.8600737e+02
   2.2870043e+02   1.2966932e+03   6.0845592e+01
   3.3286060e+02   1.4079132e+03   2.2841947e+02
   3.2523578e+02   1.7242732e+03   3.3880901e+01
   2.6786826e+01   1.1610616e+03   3.1827687e+02
   2.1410980e+02   1.3305398e+03   2.7637860e+01
   1.4294312e+02   1.5841613e+03   2.2199218e+02
   4.2834112e+01   1.7738154e+03   1.2976744e+02
   1.6123564e+02   1.4021893e+03   1.5308608e+02
   1.7164132e+02   1.5394999e+03   2.2318884e+02
   7.1375614e+00   1.7799353e+03   1.3860965e+02
   1.2926269e+02   1.6897672e+03   1.3993319e+02
   2.6610353e+02   1.3009862e+03   3.2247378e+01
   1.4372731e+02   1.4364394e+03   1.5099521e+02
   2.4740895e+02   1.3549931e+03   1.5979722e+02
   1.9904056e+02   1.8008108e+03   2.7845569e+02
   3.6475432e+02   1.2901336e+03   2.0602248e+02
   9.2187751e+01   1.2914702e+03   1.1226750e+02
   7.4290045e+01   1.1950328e+03   2.0861145e+02
   4.2149956e+01   1.6683173e+03   4.1063107e+01
   3.4777405e+02   1.7032074e+03   3.2748741e+02
   2.4198105e+02   1.5831862e+03   2.9784816e+02
   1.8351576e+02   1.5140376e+03   1.8282251e+02
   9.5852181e+01   1.3914583e+03   1.4863804e+02
   1.6069893e+02   1.6121695e+03   3.4171587e+02
   1.8598797e+02   1.7698587e+03   2.4600693e+02
   1.6394224e+02   1.5675956e+03   1.2633609e+02
   2.2926474e+02   1.4947052e+03   2.5372993e+02
   1.4924576e+02   1.2416425e+03   2.4853005e+02
   3.7807207e+01   1.1656969e+03   1.1044970e+02
   2.2182824e+02   1.3032187e+03   3.4712057e+02
   1.9015386e+02   1.3476262e+03   2.5709058e+02
   1.5686906e+02   1.2295189e+03   1.5870864e+02
   3.1752916e+02   1.1952614e+03   2.1526232e+02
   6.1727848e+00   1.7129056e+03   3.0571939e+02
   3.1509582e+02   1.4632486e+03   2.9050421e+02
   5.3713435e+01   1.5706381e+03   1.7382234e+02
   2.3161138e+02   1.1722577e+03   8.3502868e+01
   1.4019529e+02   1.3514633e+03   9.9578311e+01
   2.3168298e+02   1.5264570e+03   2.6737741e+02
   3.3244617e+02   1.1698772e+03   1.0466365e+02
   2.3422751e+02   1.5746316e+03   1.2940500e+02
   1.4643483e+02   1.3886510e+03   5.2014183e+01
   7.2763635e+01   1.3524688e+03   2.1463012e+02
   3.3842057e+02   1.6671189e+03   3.4341420e+02
   3.1715086e+02   1.2045022e+03   3.8817602e+01
   8.9132971e+01   1.7814638e+03   2.8062743e+02
   2.9016061e+02   1.5513647e+03   5.3425814e+01
   2.9506351e+02   1.6163245e+03   2.1886486e+02
   1.0610710e+02   1.2759283e+03   1.0349119e+01
   2.0283325e+01   1.5097257e+03   2.0614288e+02
   1.5405740e+02   1.6060285e+03   3.2989830e+02
   2.1200941e+02   1.3225578e+03   3.1638112e+02
   5.5472569e+01   1.3872134e+03   2.3745459e+02
   5.5922972e+01   1.1851334e+03   2.2079403e+02
   3.0868942e+02   1.4760008e+03   1.7784586e+02
   1.2231721e+02   1.3849862e+03   4.8123154e+01
   1.7577679e+02   1.3872622e+03   9.6845854e+01
   4.4754985e+01   1.4962300e+03   1.6103114e+02
   2.7020055e+02   1.4162465e+03   8.2880981e+01
   1.8066358e+02   1.5116019e+03   2.1203743e+01
   9.2863039e+01   1.3535141e+03   3.8060537e+02
   2.7061987e+02   1.2729501e+03   1.8138898e+01
   2.8380761e+02   1.6645725e+03   3.8297108e+02
   1.6846720e+02   1.3822393e+03   2.5996241e+02
   2.0031096e+02   1.2769718e+03   1.4250337e+02
   5.0626781e+01   1.4756291e+03   2.6252348e+02
   1.9031294e+02   1.5094798e+03   3.0873530e+02
   1.4905731e+02   1.4605518e+03   1.9964766e+02
   1.1468133e+02   1.3502111e+03   6.9721504e+01
   9.8768545e+01   1.5178425e+03   2.7029158e+02
   2.0489623e+02   1.6566491e+03   5.8145309e+01
   1.9923201e+02   1.6974305e+03   3.4202396e+02
   3.1835646e+02   1.3334032e+03   1.5537701e+02
   9.8728237e+01   1.6204079e+03   2.1227595e+02
   1.0741656e+02   1.3759343e+03   2.9779478e+02
   4.8884347e+01   1.2432673e+03   2.4021988e+02
   1.6031727e+02   1.5682937e+03   3.0915643e+02
   1.4350247e+02   1.5104667e+03   1.4866942e+02
   2.2535665e+02   1.4971627e+03   7.7457551e+01
   2.6949068e+02   1.3590045e+03   1.6753709e+02
   3.1921566e+01   1.4799989e+03   1.8600083e+02
   1.9967215e+01   1.5057002e+03   2.1203173e+02
   5.5260581e+01   1.6517622e+03   5.8535639e+01
   1.2607206e+02   1.4320040e+03   1.8498565e+02
   4.2721937e+01   1.2168721e+03   2.7884346e+02
   9.7471511e+01   1.2192241e+03   8.0616777e+01
   1.1684713e+02   1.5944838e+03   9.1252149e+01
   2.1290633e+02   1.2841124e+03   4.2779213e+01
   2.6527916e+02   1.3121254e+03   1.2604597e+02
   3.4000606e+02   1.3350174e+03   1.1961485e+02
   3.0091125e+02   1.5907031e+03   4.5286891e+01
   2.2213099e+02   1.5930026e+03   2.7222287e+02
   9.7337673e+01   1.4994492e+03   3.5088339e+02
   8.8772358e+01   1.2994864e+03   1.5171584e+02
   2.2681384e+01   1.5617374e+03   1.0768186e+02
   2.4714305e+02   1.5515682e+03   1.3396481e+02
   2.8663517e+02   1.4216965e+03   1.8326626e+02
   3.6985819e+02   1.4567374e+03   1.0296599e+02
   2.6076002e+02   1.4252703e+03   1.7352977e+02
   1.1241890e+02   1.6132767e+03   1.9136974e+02
   7.7896791e+00   1.6256913e+03   1.8103637e+01
   3.5270953e+02   1.3382450e+03   1.7973418e+02
   1.4085026e+02   1.5706676e+03   3.0991288e+01
   3.5395898e+02   1.2896816e+03   2.2189604e+02
   5.1792163e+01   1.1747570e+03   2.6139511e+02
   1.2071225e+02   1.4138081e+03   2.6373958e+02
   1.2234870e+02   1.6560574e+03   3.6972945e+02
   3.6242407e+02   1.4746261e+03   4.9222291e+01
   1.9895202e+02   1.4752195e+03   5.9671774e+01
   1.3249018e+02   1.3355649e+03   1.5187828e+02
   1.5380673e+02   1.4983004e+03   1.2234269e+02
   3.2846980e+02   1.4044074e+03   1.9106622e+02
   1.5114526e+02   1.4080947e+03   2.8569104e+02
   2.8902100e+02   1.6466897e+03   3.1987858e+02
   1.6182150e+02   1.6749390e+03   2.2604886e+02
   1.3342974e+02   1.1909847e+03   4.1166517e+01
   3.0068093e+02   1.5955184e+03   2.0163958e+01
   2.0339454e+02   1.2432863e+03   1.6021624e+02
   7.6375517e+01   1.5700356e+03   1.9321973e+01
   3.7912690e+02   1.7827827e+03   3.2148221e+02
   6.3078788e+00   1.5331115e+03   2.1573332e+02
   3.7397091e+02   1.3594912e+03   2.9462273e+02
   2.3652801e+01   1.3859754e+03   1.6908263e+02
   1.0725798e+02   1.3196920e+03   1.1129298e+02
   2.5077419e+02   1.4284919e+03   1.1265088e+02
   3.6948919e+02   1.2128398e+03   1.2934822e+02
   3.7398018e+02   1.8333984e+03   7.1806628e+01
   1.7835733e+02   1.3435982e+03   1.4269402e+02
   2.2512714e+02   1.3438953e+03   3.4270513e+02
   3.1779042e+02   1.3216072e+03   3.6311899e+02
   6.2683001e+01   1.7292456e+03   4.6014064e+01
   3.8784132e+02   1.3191564e+03   2.7243051e+02
   1.5768551e+02   1.1695445e+03   1.7534889e+01
   1.4405404e+02   1.7263850e+03   1.1980586e+02
   1.7625802e+01   1.6337001e+03   2.8263116e+02
   7.3578189e+01   1.2571912e+03   3.9138472e+02
   3.0431775e+02   1.5441930e+03   2.4030480e+02
   1.2283836e+02   1.2243223e+03   1.8261272e+02
   1.5360166e+02   1.2732467e+03   2.6146621e+02
   1.3323383e+02   1.2797520e+03   1.1239391e+02
   2.4818657e+02   1.3469185e+03   3.4051251e+02
   3.9392362e+02   1.3213789e+03   4.8538457e+01
   1.3809510e+02   1.5382685e+03   2.5070402e+02
   2.5319845e+02   1.2752453e+03   2.5182015e+02
   7.4220055e+01   1.4593575e+03   1.7232152e+02
   8.4121410e+01   1.3761011e+03   2.8695609e+02
   2.5455214e+02   1.4711647e+03   1.5048036e+02
   2.4469664e+02   1.5692452e+03   3.9699909e+02
   5.5155440e+01   1.2824506e+03   9.3915526e+01
   3.3585037e+02   1.6474470e+03   2.5354703e+02
   1.5193756e+02   1.3967726e+03   5.0601518e+01
   3.2516226e+01   1.4776213e+03   6.8722488e+01
   3.1798987e+02   1.3793459e+03   1.5615982e+02
   3.8096487e+02   1.7461193e+03   3.6659734e+02
   1.8030739e+02   1.4018252e+03   3.2111590e+02
   1.1214886e+02   1.4908011e+03   2.7066610e+02
   1.4790463e+02   1.5912666e+03   3.5481007e+02
   2.2306830e+02   1.6430720e+03   2.5177293e+02
   2.9217435e+02   1.6721286e+03   9.2220001e+01
   4.6822398e+01   1.4490334e+03   1.3482658e+02
   3.8765537e+02   1.4828443e+03   1.4203138e+02
   3.1942730e+01   1.6713223e+03   3.3147875e+02
   1.5857885e+02   1.3338473e+03   2.9984617e+02
   3.9391612e+01   1.4169244e+03   1.7231906e+02
   2.6350424e+02   1.4710196e+03   1.5487118e+02
   2.4960729e+00   1.3231996e+03   9.9312017e+01
   2.2884688e+02   1.3616434e+03   1.6597391e+02
   9.8600505e+01   1.2812930e+03   2.6588333e+02
   9.0893254e+01   1.7633573e+03   3.2924421e+02
   9.3365520e+00   1.7642639e+03   2.6903854e+02
   3.5755247e+02   1.2804909e+03   5.4485667e+01
   1.7001913e+02   1.4727761e+03   1.4519387e+02
   3.9598752e+02   1.6928357e+03   3.0456901e+02
   7.7023268e+01   1.5639438e+03   3.6850056e+02
   2.4807330e+02   1.1879476e+03   2.4804822e+02
   1.9738622e+02   1.3470258e+03   6.8927282e+01
   2.3312162e+02   1.4476247e+03   1.0167151e+02
   2.9836318e+02   1.3302179e+03   3.1267815e+02
   2.9750096e+02   1.5026643e+03   2.5828732e+02
   2.8780518e+02   1.5322839e+03   3.4327319e+02
   3.1684213e+02   1.5883938e+03   3.0886965e+02
   3.6433043e+02   1.3668896e+03   1.4791361e+02
   3.4873388e+02   1.4844915e+03   2.8130438e+02
   3.9734341e+02   1.3597716e+03   2.2366915e+02
   1.1813442e+02   1.2901660e+03   4.5523423e+01
   3.6864017e+02   1.2793111e+03   2.9981665e+02
   3.2248057e+02   1.2548583e+03   3.0109697e+02
   2.7913146e+02   1.2273136e+03   1.6094082e+02
   2.2719724e+02   1.6852287e+03   2.8953747e+02
   8.7618964e+01   1.2337752e+03   9.4183242e+01
   2.6089767e+02   1.5099302e+03   5.8538183e+01
   1.0348700e+02   1.6355184e+03   1.9777676e+02
   1.8452618e+02   1.3876389e+03   2.7759804e+02
   1.0587821e+02   1.2085968e+03   8.3676265e+01
   1.0030500e+02   1.2509606e+03   1.9766428e+02
   3.1896075e+01   1.4001326e+03   3.7795944e+02
   2.2478874e+02   1.4170975e+03   6.3376971e+01
   2.5452406e+02   1.6981037e+03   2.5977256e+02
   2.1901011e+02   1.5534245e+03   9.6573584e+01
   3.4125442e+02   1.3819746e+03   3.3268877e+02
   1.0501552e+02   1.3512184e+03   1.5112060e+02
   5.8822831e+01   1.3770009e+03   1.5833461e+02
   3.3888894e+02   1.1829905e+03   7.5367570e+01
   1.1356820e+02   1.4216633e+03   2.6558098e+02
   3.6437450e+02   1.4004806e+03   9.2104789e+01
   2.7428557e+02   1.3403246e+03   3.0232286e+02
   3.2824886e+02   1.3113544e+03   1.2411142e+02
   3.7832939e+02   1.8520949e+03   3.3962307e+02
   3.1246378e+02   1.2042256e+03   1.5466037e+02
   3.5528261e+02   1.3391593e+03   1.9833280e+02
   4.8640665e-01   1.2501809e+03   1.1544254e+02
   1.0581809e+02   1.8291427e+03   3.2897636e+02
   1.9641453e+02   1.4224432e+03   1.6204999e+02
   3.9687468e+02   1.1869523e+03   8.0972584e+01
   2.5521648e+02   1.6494183e+03   2.5295191e+02
   3.1761562e+01   1.1605011e+03   3.2065228e+02
   1.7519151e+02   1.3496174e+03   2.1686858e+02
   9.3294671e+01   1.3253477e+03   1.8004534e+02
   1.9352427e+02   1.2107549e+03   1.5602997e+02
   1.2717313e+02   1.6931604e+03   2.6785266e+02
   1.4949109e+02   1.5796762e+03   3.7317155e+02
   1.2240757e+02   1.3538351e+03   9.2328276e+01
   1.9026329e+02   1.3980842e+03   1.3161041e+02
   1.1961214e+02   1.4528882e+03   3.1754863e+02
   3.4867537e+02   1.3527754e+03   2.1675199e+02
   1.8287698e+02   1.1807760e+03   1.8165654e+01
   1.7475192e+02   1.5342864e+03   5.8774070e+01
   1.3524478e+02   1.5460275e+03   1.2457462e+02
   3.1878693e+02   1.4545220e+03   2.5280963e+02
   2.4678636e+02   1.2578772e+03   1.8599777e+02
   4.1647531e+01   1.3520550e+03   1.7129033e+02
   1.3370686e+02   1.1721149e+03   2.5100655e+02
   1.0607177e+02   1.2757489e+03   2.7617031e+02
   2.1689042e+02   1.5091590e+03   2.5365255e+01
   1.2743695e+02   1.1893549e+03   2.6465885e+02
   3.6252370e+02   1.4385646e+03   3.9922556e+02
   3.8731190e+02   1.3150832e+03   6.7401062e+01
   2.1904150e+02   1.4382952e+03   7.1960833e+00
   1.0685993e+02   1.1688966e+03   1.1578623e+02
   1.5552080e+02   1.7595570e+03   3.1528108e+02
   1.0037777e+02   1.7297225e+03   1.9882261e+02
   1.3633108e+02   1.4217976e+03   9.4378841e+01
   2.4016812e+02   1.6316453e+03   2.7671444e+02
   2.2711838e+02   1.1719805e+03   2.3331732e+02
   3.6410063e+02   1.2438813e+03   9.7267985e+00
   3.5973240e+02   1.1625976e+03   1.2211869e+02
   1.7036477e+02   1.1734318e+03   2.3185061e+02
   1.2721946e+02   1.8178422e+03   1.6652780e+02
   3.6090535e+02   1.2376612e+03   2.2301752e+02
   2.6891790e+02   1.3798092e+03   3.6241789e+02
   1.6637559e+02   1.2504031e+03   1.3179857e+02
   2.8779077e+02   1.2857983e+03   2.8526065e+02
   9.8412392e+01   1.5234137e+03   5.1621925e+01
   1.2128290e+02   1.6957907e+03   1.4696624e+02
   2.9009885e+02   1.7705522e+03   4.4085967e+01
   1.4892098e+02   1.5327134e+03   1.1184936e+02
   4.6600944e+01   1.4158133e+03   2.9135705e+02
   2.4304795e+02   1.5226478e+03   7.1775641e+01
   3.0640129e+02   1.7243830e+03   3.1481670e+02
   1.4473573e+02   1.2029748e+03   2.4845623e+02
   5.7531350e+01   1.6916323e+03   1.8844082e+02
   2.4985441e+02   1.7196117e+03   3.7343178e+01
   2.5991458e+02   1.7376340e+03   3.5468269e+02
   1.7648824e+02   1.8410676e+03   7.6102991e+01
   1.6737398e+02   1.4537030e+03   1.2685417e+02
   3.1400729e+02   1.2589489e+03   3.4211963e+02
   3.4940532e+02   1.2145458e+03   1.9793534e+02
   1.7161887e+02   1.5501218e+03   1.1199612e+02
   1.9067632e+02   1.5952843e+03   7.8397429e+01
   2.2464126e+02   1.5490622e+03   1.5608932e+02
   1.2735760e+02   1.1788004e+03   2.6599730e+02
   2.4047085e+02   1.7141115e+03   2.3516492e+02
   2.3947066e+02   1.5472268e+03   1.0560542e+02
   9.2902558e+01   1.4145289e+03   2.5903812e+02
   3.6402079e+02   1.3371147e+03   2.8741264e+02
   2.1054916e+02   1.7606595e+03   1.1806280e+02
   8.5294240e+01   1.6882880e+03   2.8341851e+02
   4.8770628e+01   1.1985741e+03   3.6270907e+02
   7.7186233e+01   1.1702425e+03   3.3268005e+02
   2.4435013e+02   1.5842788e+03   2.1035245e+02
   1.4330091e+02   1.4856556e+03   2.1778386e+02
   3.0786043e+01   1.8003538e+03   2.5379490e+02
   6.5677069e+01   1.7434439e+03   8.3389728e+01
   1.1557643e+02   1.4164171e+03   1.0167048e+02
   3.5526944e+02   1.4946358e+03   1.8331009e+02
   3.0347436e+02   1.7016924e+03   1.7445397e+02
   2.0278223e+02   1.5636858e+03   2.4013153e+02
   1.9726987e+02   1.4113177e+03   9.8734125e+01
   3.2237835e+02   1.7681996e+03   3.1783231e+02
   1.9568909e+02   1.2089253e+03   3.5457365e+02
   3.6463785e+02   1.3258842e+03   3.3173099e+02
   3.0734414e+02   1.5230168e+03   2.5258329e+02
   3.3528528e+02   1.2848851e+03   9.9876029e+01
   1.7154431e+02   1.6573819e+03   4.8625724e+01
   3.3192637e+02   1.5482362e+03   2.4108316e+01
   2.1900334e+02   1.4605801e+03   4.0399600e+01
   3.1441780e+02   1.5834753e+03   1.7023063e+02
   8.9032586e+01   1.5879404e+03   2.0553888e+02
   2.2109834e+02   1.5903974e+03   5.6374906e+01
   2.1552976e+02   1.5640396e+03   2.1400296e+02
   3.5040416e+02   1.1626314e+03   3.6183010e+02
   1.9586177e+02   1.3810526e+03   2.9099648e+02
   2.8354234e+02   1.8112539e+03   5.9040432e+01
   3.5596371e+02   1.7447912e+03   2.7622602e+02
   2.8258037e+02   1.7038285e+03   2.8783088e+02
   7.4204606e+01   1.2145670e+03   9.3405393e+01
   1.2254318e+02   1.5519086e+03   2.3051063e+02
   7.1012409e+01   1.5796714e+03   1.2070981e+02
   2.3873732e+01   1.2389657e+03   1.7324444e+01
   1.3490782e+02   1.1843593e+03   6.2796221e+01
   3.0654630e+02   1.5894697e+03   1.6319827e+02
   3.2803195e+02   1.7211552e+03   2.4597198e+02
   2.2756397e+02   1.5475195e+03   2.2436209e+02
   3.7004764e+02   1.3021698e+03   4.0526163e+01
   2.4980487e+02   1.1864098e+03   2.5754852e+02
   2.0639335e+02   1.8582007e+03   3.3588859e+02
   2.7575615e+02   1.6892138e+03   2.4719652e+02
   1.1249717e+02   1.4720640e+03   3.1903268e+02
   7.6441189e+01   1.4776699e+03   1.9118394e+02
   1.9561252e+02   1.8206096e+03   1.6937181e+02
   2.0525131e+01   1.1664337e+03   3.8100960e+02
   2.3718940e+02   1.7711917e+03   2.5659054e+02
   9.1582427e+01   1.1908490e+03   2.8792814e+02
   1.6495510e+02   1.3267439e+03   1.0842843e+02
   2.1701321e+02   1.3941550e+03   3.3782012e+02
   2.7541096e+02   1.4982020e+03   1.2111660e+02
   9.3176354e+01   1.7792695e+03   4.9386178e+01
   2.8075965e+01   1.3399534e+03   3.7730916e+02
   9.2108597e+01   1.1984914e+03   3.4137258e+02
   2.8674892e+02   1.2218610e+03   3.0279594e+02
   2.3915259e+02   1.6615941e+03   1.0174407e+02
   3.7435584e+02   1.4927010e+03   2.5153606e+02
   2.0913953e+02   1.5400452e+03   3.9078225e+01
   8.8578085e+01   1.5700863e+03   5.6726273e+01
   1.5774974e+02   1.1955066e+03   6.8209721e+01
   3.9318705e+02   1.6598969e+03   1.9042098e+02
   2.3434070e+02   1.7334214e+03   1.8306194e+02
   1.2818856e+02   1.4933568e+03   1.3238284e+02
   3.2828520e+02   1.1700705e+03   3.5005904e+01
   2.8704034e+02   1.5262149e+03   7.5695778e+01
   1.4249498e+02   1.3546923e+03   2.3082098e+02
   2.0911383e+02   1.3355091e+03   1.9978985e+00
   2.0953786e+02   1.2150460e+03   3.4252221e+02
   1.4144037e+02   1.1771102e+03   2.4714713e+02
   1.1360518e+02   1.3991726e+03   1.0641813e+02
   1.2563347e+02   1.3341301e+03   1.1864669e+02
   2.1808113e+01   1.2792204e+03   2.0464710e+02
   9.2124624e+01   1.6595051e+03   2.0251297e+02
   2.4878304e+02   1.5230271e+03   7.8485540e+01
   2.3129718e+01   1.4018646e+03   1.0570852e+02
   3.2678120e+02   1.4383547e+03   1.4855798e+02
   2.7254231e+02   1.5609005e+03   1.7412354e+02
   1.0857630e+02   1.7249345e+03   7.8799838e+01
   1.9286578e+02   1.4781739e+03   1.6828518e+02
   3.2338836e+02   1.5797471e+03   1.1006822e+02
   1.7767150e+02   1.2137562e+03   3.8867781e+02
   2.8294994e+02   1.3301585e+03   2.4582337e+02
   2.2110533e+02   1.6939561e+03   1.1201407e+02
   1.0498472e+02   1.3277850e+03   2.4588772e+02
   1.7482753e+02   1.1703011e+03   5.8892220e+01
   9.6110103e+01   1.2423061e+03   1.9065712e+02
   1.2835522e+02   1.3848773e+03   6.3411505e+01
   8.1011767e+01   1.1870983e+03   1.0043775e+02
   3.9733564e+02   1.2039260e+03   2.9336546e+02
   2.3657518e+02   1.5863012e+03   1.9784619e+02
   5.3934487e+01   1.2400687e+03   1.1274866e+02
   3.3256364e+02   1.5419374e+03   2.3987193e+02
   4.3145176e+01   1.2246599e+03   4.1411635e+01
   3.2570343e+02   1.1810555e+03   1.4173001e+02
   2.7825446e+02   1.2865806e+03   1.4850191e+02
   2.5426387e+01   1.7167752e+03   1.3072736e+02
   2.8484887e+02   1.6105423e+03   8.9850926e+01
   1.3772931e+02   1.7039997e+03   2.2435082e+02
   2.6846517e+02   1.6877456e+03   8.3615136e+01
   3.4559510e+02   1.8375725e+03   7.7652630e+01
   2.0094519e+02   1.2147752e+03   1.1451083e+02
   2.2133310e+02   1.5938151e+03   1.3639000e+02
   2.2909001e+02   1.5037180e+03   3.8064056e+02
   3.8325494e+02   1.6839057e+03   1.8611917e+02
   2.8367509e+02   1.7804071e+03   1.8475893e+01
   1.3809795e+01   1.1871427e+03   1.7990807e+02
   2.7744853e+02   1.7365962e+03   2.4187395e+02
   2.0239334e+02   1.6856581e+03   1.2067471e+02
   3.9752522e+02   1.6068760e+03   6.5517649e+01
   1.1818392e+02   1.1968768e+03   2.2954462e+01
   4.5350102e+01   1.3910319e+03   1.7514240e+02
   1.1982374e+02   1.6051727e+03   1.4142394e+02
   3.0441366e+02   1.5162094e+03   2.1671826e+02
   2.7941645e+02   1.2836727e+03   1.0792725e+02
   3.3531154e+02   1.3553661e+03   3.2266296e+02
   2.0331425e+02   1.5193984e+03   3.6517333e+02
   2.3279243e+01   1.5119905e+03   1.2355468e+02
   4.6235758e+01   1.1962448e+03   2.0866861e+02
   3.5355638e+02   1.6765446e+03   1.5750447e+02
   2.6429454e+02   1.5875695e+03   1.4228814e+02
   1.4172473e+02   1.6469547e+03   2.2348855e+02
   2.2457368e+02   1.6315358e+03   2.9622408e+02
   2.9971859e+02   1.6893451e+03   7.5511540e+01
   2.1616032e+02   1.5581476e+03   1.6825425e+02
   2.0701426e+02   1.5281605e+03   1.5928218e+02
   2.7700755e+02   1.8570560e+03   1.6459108e+02
   2.7680811e+02   1.3785357e+03   2.6202642e+02
   3.1527722e+02   1.2556686e+03   1.0539467e+02
   3.6306768e+02   1.5178282e+03   3.2753237e+02
   3.1610762e+02   1.2928546e+03   9.9114152e+01
   3.4341100e+02   1.4927116e+03   2.7256455e+02
   3.3445084e+02   1.7080326e+03   9.6190912e+01
   9.8926682e+01   1.6619835e+03   2.0882177e+02
   3.1645885e+02   1.6146088e+03   2.8410635e+02
   5.2398786e+01   1.7242082e+03   2.1646465e+02
   5.5146116e+01   1.3055888e+03   8.7407866e+01
   1.0045312e+02   1.1670353e+03   2.5388668e+01
   9.6886518e+01   1.6012535e+03   1.5269480e+02
   2.7264043e+02   1.7003837e+03   3.6070766e+01
   2.5548882e+02   1.7458129e+03   9.4248657e+01
   2.2391443e+02   1.5777911e+03   1.4473698e+02
   1.9363432e+02   1.2574043e+03   4.4667037e+01
   1.2276234e+02   1.1934789e+03   1.1048111e+01
   4.2260375e+01   1.7651535e+03   1.3136598e+02
   1.7366317e+02   1.7428170e+03   1.8881534e+02
   2.3639423e+02   1.4269405e+03   1.9075444e+02
   2.7870152e+02   1.2496120e+03   1.2008044e+02
   1.5262567e+02   1.8391405e+03   8.0162893e+01
   3.1956633e+02   1.3899915e+03   9.8582013e+01
   1.9876508e+02   1.5737936e+03   8.2894101e+01
   2.1262464e+02   1.2081312e+03   2.9253989e+02
   6.9162898e+01   1.1617503e+03   2.9099913e+02
   1.5899456e+02   1.5998673e+03   4.3133702e+01
   2.2798196e+02   1.3467500e+03   6.1171052e+01
   2.8952720e+02   1.5762355e+03   3.3706779e+02
   1.1669632e+02   1.4863224e+03   1.7965733e+02
   2.9074750e+02   1.4394644e+03   1.3885998e+02
   6.0292739e+01   1.2142088e+03   8.3540570e+00
   3.6341866e+02   1.4356489e+03   2.0177987e+02
   1.3897090e+02   1.2443109e+03   9.1021104e+01
   3.7821894e+02   1.3331477e+03   8.2691606e+01
   1.8988122e+02   1.6043079e+03   2.9818862e+02
   2.2001476e+01   1.2542580e+03   3.3036025e+02
   2.5918258e+02   1.6189530e+03   2.6759113e+02
   1.5602393e+02   1.8301402e+03   1.7446702e+02
   2.8334981e+02   1.8585459e+03   1.5810184e+02
   1.8158368e+02   1.7449697e+03   2.3198055e+02
   9.9166792e+01   1.2132005e+03   3.1396606e+01
   1.2486837e+02   1.3877622e+03   9.8748074e+01
   1.2146154e+02   1.6117047e+03   1.7941020e+02
   1.8812620e+02   1.6412333e+03   3.1313334e+02
   2.3339767e+02   1.2080119e+03   6.0979840e+01
   5.7964615e+01   1.8218202e+03   8.2204224e+01
   2.0746986e+02   1.5330797e+03   8.8534903e+01
   2.1731956e+02   1.7711563e+03   2.6362662e+02
   2.0581380e+02   1.5656861e+03   1.1113070e+02
   2.6908945e+02   1.3495860e+03   1.2982204e+02
   2.1643310e+02   1.5111319e+03   1.3703661e+02
   1.8866149e+02   1.3226036e+03   2.9023773e+02
   1.2277550e+02   1.6491743e+03   1.8994048e+02
   3.8906092e+02   1.4010837e+03   1.2018427e+02
   1.6865440e+02   1.8387914e+03   1.6772863e+02
   1.9002702e+02   1.8295673e+03   2.9027501e+02
   2.8834731e+02   1.1688054e+03   9.7952266e+01
   1.4032647e+02   1.1853857e+03   2.1868235e+02
   1.3052648e+02   1.2243761e+03   2.0741054e+02
   1.9913972e+02   1.3586937e+03   5.6302993e+01
   8.5870448e+01   1.2637079e+03   1.4828344e+02
   3.7080006e+02   1.6011507e+03   1.5298504e+02
   8.7374382e+01   1.1674542e+03   1.1411854e+02
   8.5398283e+01   1.5451033e+03   1.8898855e+02
   3.5002361e+02   1.2117528e+03   5.4656565e+01
   5.5300669e+01   1.3158364e+03   3.3403006e+02
   8.0818225e+01   1.2049611e+03   2.7119443e+02
   5.1346877e+01   1.6335124e+03   1.6660706e+02
   1.0066347e+02   1.6973840e+03   2.3238486e+01
   3.1126969e+02   1.1799465e+03   3.1731167e+02
   1.0346863e+02   1.2061773e+03   3.3959325e+02
   2.0163284e+02   1.7487866e+03   9.1867126e+01
   1.1796196e+02   1.4194157e+03   1.4928774e+02
   6.2174272e+01   1.6163702e+03   2.0976146e+02
   1.0649685e+02   1.7006437e+03   1.7971484e+02
   2.9722063e+02   1.6435828e+03   1.4456633e+02
   2.3381765e+02   1.4886223e+03   2.1594941e+02
   2.6274698e+02   1.7971981e+03   2.1602707e+02
   1.4599725e+02   1.5363395e+03   1.6957915e+02
   2.6436249e+02   1.1677753e+03   3.6493499e+02
   3.0578928e+02   1.6239452e+03   2.9451791e+02
   2.2549806e+02   1.4404176e+03   1.7436743e+02
   1.2141221e+02   1.2851868e+03   9.9426528e+01
   1.4570495e+02   1.7248908e+03   2.5629851e+02
   1.6928231e+02   1.3512645e+03   1.1389341e+01
   2.7474530e+02   1.2582804e+03   3.7824262e+02
   3.6264216e+02   1.1791122e+03   6.4825909e+01
   7.9021027e+01   1.6273014e+03   9.5224052e+01
   3.4259872e+02   1.2046792e+03   3.5717703e+02
   1.9607955e+02   1.3173358e+03   2.2984643e+02
   2.6806684e+02   1.7515651e+03   2.4837214e+02
   1.0281386e+02   1.5620746e+03   1.6908485e+02
   3.1834201e+02   1.1723761e+03   2.5790044e+02
   2.4451396e+02   1.3040280e+03   3.9596742e+02
   1.3459435e+02   1.4286786e+03   1.5177561e+02
   3.5384757e+02   1.7831380e+03   1.9303166e+02
   3.6858044e+01   7.8741874e+02   1.1161469e+02
   1.8666714e+02   8.5309310e+02   1.6155208e+02
   3.5855377e+02   8.2480395e+02   6.8155611e+01
   1.3859212e+02   8.8714051e+02   1.4138022e+02
   8.5753898e+01   8.8516704e+02   2.8149979e+02
   1.3830675e+02   8.6645710e+02   4.7940522e+01
   9.2126521e+01   1.1078887e+03   2.0841251e+02
   4.0568508e+01   1.0154444e+03   1.5291086e+02
   2.6778296e+02   1.0248304e+03   1.0764007e+02
   2.3941819e+02   9.0870748e+02   2.0821083e+02
   3.4452772e+02   9.6911014e+02   3.5721818e+02
   7.7264828e+01   8.8966244e+02   2.2700034e+02
   3.6851956e+02   9.3878829e+02   1.7841591e+02
   3.7598587e+02   9.9118635e+02   1.7147264e+02
   1.1407693e+02   9.3134726e+02   5.0885551e+01
   3.5635425e+02   9.6901188e+02   2.9397974e+02
   3.9306634e+02   8.2805447e+02   8.9866720e+01
   1.3762624e+02   8.5742282e+02   3.5923306e+02
   2.2720824e+02   9.4125036e+02   2.0649134e+01
   2.3072731e+02   1.1123706e+03   1.0942707e+02
   3.5376506e+02   7.8823681e+02   3.6765655e+02
   1.1947805e+02   1.1088032e+03   2.7489309e+02
   3.7314776e+02   9.5193584e+02   7.7028710e+01
   1.8367691e+02   1.0030874e+03   2.7251924e+02
   2.2687833e+02   1.0243174e+03   7.3774930e+01
   2.3420253e+02   1.0756409e+03   3.9131391e+01
   2.0987721e+02   7.8589192e+02   3.2988310e+02
   6.2020435e+01   9.4591550e+02   3.6639026e+01
   2.0400840e+02   9.6352759e+02   3.3096146e+02
   2.7378489e+02   9.8245179e+02   3.6479015e+02
   3.5317903e+02   1.1177479e+03   1.5399995e+02
   1.8898703e+02   1.0446887e+03   1.8938676e+02
   3.2296250e+02   8.2034184e+02   3.9088744e+01
   3.6964766e+02   9.6988121e+02   2.0826719e+02
   3.1173217e+02   1.0189807e+03   1.5526079e+02
   1.2094059e+02   1.0951832e+03   2.0948632e+02
   2.1366578e+02   1.1571449e+03   1.2087071e+02
   7.4368630e+01   9.5091063e+02   3.3073594e+02
   3.0151721e+02   9.5631461e+02   3.4741267e+01
   2.7004310e+02   1.0812845e+03   1.3723161e+02
   2.1007110e+02   1.0743769e+03   2.5907555e+02
   1.3162571e+02   1.0289617e+03   6.7144598e+01
   3.3621180e+01   9.0433556e+02   5.4024029e+01
   2.0377123e+02   7.9013581e+02   3.6886187e+02
   9.0793686e+01   9.2853991e+02   7.7933948e+01
   1.7734990e+02   1.0593114e+03   3.0533630e+02
   3.0733004e+02   9.5547713e+02   1.5598964e+02
   1.0687497e+02   8.0267759e+02   6.0087168e+01
   5.8982978e+01   1.0466853e+03   3.5048806e+01
   3.5462077e+02   9.5474554e+02   3.4377162e+02
   3.6616538e+02   8.7459362e+02   3.5577976e+02
   7.1866945e+01   9.7320306e+02   5.2634989e+01
   1.8737660e+02   1.0283432e+03   1.3878586e+02
   1.4073906e+01   1.0943613e+03   4.7303833e+00
   3.1432483e+02   9.6193330e+02   2.2815775e+02
   6.8104724e+01   1.0553448e+03   1.8735905e+02
   1.7084177e+02   1.0728098e+03   2.6410296e+02
   1.1347964e+01   8.2159289e+02   2.7994436e+02
   2.2997135e+02   8.2546874e+02   3.3883008e+02
   9.6086137e+01   8.5631638e+02   3.0416941e+02
   4.3089503e+01   8.6293400e+02   8.3847304e+01
   2.4363563e+01   9.7327953e+02   1.0159979e+02
   3.8859847e+01   1.0360966e+03   7.8086426e+01
   3.1309657e+02   9.1614269e+02   3.7886101e+02
   7.2414425e+01   9.1017143e+02   1.1548057e+02
   2.8353120e+02   1.0365931e+03   7.0527437e+01
   2.6828804e+02   9.7300755e+02   1.1458313e+02
   6.0841250e+01   9.0335224e+02   1.0997187e+02
   3.5997578e+02   8.3526659e+02   1.4415384e+02
   3.5704248e+02   9.7570204e+02   1.8099768e+00
   1.5233351e+02   1.0899780e+03   1.3439314e+02
   3.4410760e+02   1.1423850e+03   1.5516361e+02
   6.7632140e+01   9.2949450e+02   6.2907999e+01
   1.7931791e+02   9.8402265e+02   5.6484047e+01
   7.4768112e+01   9.6197210e+02   2.8537839e+02
   2.5425770e+02   9.0595947e+02   3.2334803e+02
   2.6421128e+02   1.0989673e+03   6.4695647e+01
   2.7087715e+02   8.2021629e+02   3.3169037e+02
   4.9136026e+01   9.0426797e+02   2.7871432e+01
   2.6269548e+02   8.5516883e+02   3.4045423e+01
   3.9270979e+02   7.8907913e+02   1.5473482e+02
   3.6587795e+02   9.3563496e+02   4.3413364e+01
   1.6290329e+02   8.4752997e+02   2.8072398e+02
   1.3457125e+02   8.2602816e+02   1.2565139e+02
   1.3914643e+02   8.2266138e+02   3.1158372e+02
   3.3047966e+02   9.7663611e+02   3.9669695e+02
   1.6391413e+02   1.1541615e+03   2.7421135e+02
   1.9279259e+02   1.0740271e+03   6.9228422e+01
   2.8085778e+02   8.6958361e+02   3.4246486e+02
   1.9211020e+02   9.7225868e+02   1.8589290e+02
   5.3851739e+01   1.0963207e+03   3.7288909e+02
   3.3803114e+01   8.4499184e+02   2.0183276e+02
   2.5117818e+01   8.1567408e+02   2.0995658e+02
   1.3293193e+02   8.6894126e+02   2.9032285e+02
   2.0746383e+02   9.1624282e+02   3.9131938e+02
   2.1376092e+01   1.0791626e+03   1.5431615e+02
   3.4173084e+02   9.3301670e+02   2.1109548e+02
   1.8698402e+02   8.5478072e+02   2.8131641e+02
   2.5307395e+02   8.2052596e+02   1.5693995e+02
   3.5057926e+02   1.1271249e+03   1.4562107e+02
   3.1385969e+02   9.6108328e+02   3.3246809e+02
   2.0313081e+02   9.6052336e+02   1.6452491e+02
   3.4059425e+02   1.0347784e+03   1.9642688e+02
   2.3049205e+02   1.0427292e+03   7.9867749e+01
   3.4386641e+02   1.0658182e+03   1.4233237e+02
   2.9469428e+02   8.5492364e+02   3.4396319e+02
   4.5023979e+01   9.1267743e+02   2.3782272e+02
   6.0952460e+01   9.1594014e+02   2.6195659e+02
   3.9654390e+02   8.4260405e+02   2.9349856e+02
   3.7901573e+02   1.0717494e+03   1.1588511e+02
   3.4652728e+02   9.3706153e+02   1.0725245e+02
   2.5711952e+02   1.0757753e+03   1.9571849e+01
   1.8635648e+02   1.0743374e+03   2.2954298e+02
   3.3298229e+02   9.7383064e+02   3.3614245e+02
   2.1306448e+02   1.1449657e+03   2.0956754e+02
   3.6036120e+02   8.6078926e+02   7.2262591e+01
   1.7322875e+02   8.8583496e+02   3.6381247e+02
   3.3423581e+02   1.0992412e+03   1.4945199e+02
   2.1278039e+02   8.0273262e+02   1.6313180e+02
   2.5596646e+02   8.1886915e+02   2.8695359e+01
   1.1158344e+02   1.0965850e+03   3.5235620e+02
   1.3088476e+02   8.8818564e+02   3.2339018e+02
   2.5329434e+02   8.8058271e+02   3.3275676e+02
   9.8941594e+01   1.0519964e+03   9.1743576e+01
   3.2136685e+02   1.0385551e+03   1.1263225e+02
   1.2444371e+02   1.0128934e+03   1.1596145e+02
   1.2405674e+02   8.8724736e+02   9.1815412e+01
   3.0753346e+02   9.1771884e+02   3.4154453e+01
   1.7155212e+02   8.9919484e+02   2.9587210e+02
   2.1909586e+02   7.8378998e+02   4.4233993e+00
   3.2749128e+02   1.0489234e+03   1.9080089e+02
   2.8900794e+02   8.6478097e+02   3.3357845e+02
   2.1392476e+02   8.9214073e+02   3.9918409e+02
   2.5507208e+02   1.0917985e+03   2.0831317e+02
   3.7510192e+02   8.9510464e+02   3.6644043e+02
   4.5682164e+01   9.2583208e+02   3.4387517e+02
   2.0311359e+02   1.0769706e+03   1.7462810e+02
   9.5184741e+01   9.1066861e+02   1.2264384e+02
   2.5944056e+02   9.2804026e+02   2.4864756e+02
   2.7762696e+02   9.0589710e+02   1.2390638e+02
   3.8882810e+01   1.0897295e+03   2.6470576e+02
   1.9915944e+02   9.9948904e+02   2.8306205e+02
   2.4823056e+02   1.1542563e+03   1.1571531e+02
   8.5819685e+01   1.1017104e+03   3.8347073e+02
   8.6586109e+01   8.1157989e+02   2.2104378e+02
   3.2361645e+02   9.7395074e+02   2.3665816e+02
   2.6309756e+02   8.9120220e+02   2.0185842e+02
   2.0915703e+02   1.1372253e+03   1.5793010e+02
   1.0316467e+02   7.9399769e+02   1.6272243e+02
   2.4512507e+01   9.6789408e+02   3.1496460e+02
   2.4082169e+02   1.0425852e+03   2.6840465e+02
   1.7792179e+02   9.8704934e+02   3.0009492e+00
   2.0848192e+02   8.6534318e+02   2.5066601e+02
   2.6989182e+02   8.8361083e+02   1.6225900e+02
   9.7132693e+01   9.7205109e+02   3.1011997e+01
   1.1575659e+02   1.0950946e+03   4.5856632e+01
   1.1908671e+02   1.0218499e+03   3.9741765e+02
   6.7795854e+01   9.1680460e+02   3.3798171e+02
   1.4938098e+01   1.1484247e+03   3.9452138e+02
   2.6433156e+02   1.0849148e+03   3.2577256e+00
   2.6397279e+02   1.1514100e+03   3.2068102e+02
   2.7006361e+01   8.5648834e+02   4.6290225e-01
   4.9165458e+01   8.9517449e+02   1.7320333e+02
   8.5184414e+01   9.8039366e+02   1.1115550e+02
   2.3207956e+02   8.2531103e+02   3.7747342e+02
   1.2269477e+02   1.0938758e+03   1.9742307e+02
   7.6082201e+01   1.1500890e+03   1.0641939e+02
   5.4665873e+01   1.1368738e+03   3.6409347e+02
   3.0123263e+01   1.1090564e+03   3.0351959e+02
   2.8583859e+02   8.0308887e+02   1.3271273e+02
   3.5269414e+02   8.9860543e+02   3.7233016e+02
   3.1454976e+02   8.4624525e+02   2.6466374e+02
   9.9247094e+01   8.9008990e+02   1.8827678e+02
   2.2398882e+02   1.0694318e+03   2.3067856e+02
   2.6061608e+02   8.0483693e+02   1.2930270e+02
   2.4581533e+02   1.1512791e+03   2.6140730e+02
   1.2710295e+02   9.9406189e+02   1.4855165e+02
   1.4786935e+02   1.0965704e+03   2.4816914e+02
   3.4004385e+02   1.0132253e+03   7.0320005e+01
   1.3719865e+02   9.9583842e+02   1.2246972e+02
   1.8250789e+02   9.6948676e+02   2.9320097e+02
   3.4242111e+02   8.2999564e+02   3.2694419e+02
   5.0273913e+00   7.9337476e+02   2.1090098e+02
   1.4641947e+02   1.1368384e+03   1.3667750e+02
   7.3476098e+01   9.9866369e+02   7.1955367e+01
   3.3568973e+02   7.8581133e+02   1.3040198e+02
   8.1546129e+01   8.0193835e+02   1.5303572e+02
   2.6232293e+02   1.0030507e+03   9.6328407e+01
   3.8457864e+02   9.7218196e+02   4.8915584e+01
   3.8828843e+02   8.9211038e+02   1.8390101e+02
   2.0251152e+02   8.0658840e+02   6.0122938e+01
   1.7772965e+02   8.0767673e+02   1.7427936e+02
   5.7932180e+01   1.1046897e+03   2.6587253e+02
   3.0343638e+02   1.1090121e+03   7.1875422e+01
   2.1530454e+02   1.1295488e+03   1.8983061e+02
   3.1771782e+02   9.5963767e+02   5.8056348e+01
   2.0090747e+02   8.2307761e+02   1.3737823e+01
   5.4686392e+01   1.1102623e+03   2.6304450e+02
   6.4460986e+01   8.4631573e+02   2.8574465e+02
   3.1483953e+02   1.0063545e+03   2.9327595e+02
   2.2373046e+02   8.9673453e+02   2.8535759e+02
   2.7907485e+02   8.2295398e+02   3.1429944e+02
   8.6636898e+01   1.0057254e+03   2.1695294e+02
   1.9547049e+02   8.6832656e+02   7.1175423e+01
   1.8506030e+02   1.0396014e+03   2.9913578e+02
   8.3354563e+01   8.6566730e+02   1.8346606e+02
   2.0230497e+02   1.0964933e+03   1.5074496e+02
   2.8825176e+02   8.0895857e+02   2.7679300e+02
   3.7518207e+02   1.0239107e+03   1.9195028e+02
   1.1271281e+02   8.0531749e+02   3.5474957e+02
   3.2546694e+02   8.3110342e+02   2.4208534e+02
   2.4786365e+02   8.9040342e+02   3.5058820e+02
   3.6194046e+02   9.1343675e+02   1.1167723e+02
   3.2813675e+02   1.0933869e+03   9.5688592e+01
   2.4042420e+02   1.1402694e+03   1.7733273e+02
   1.4975056e+02   8.6089076e+02   1.4296981e+01
   2.7078542e+02   8.9222281e+02   3.5896819e+02
   2.1610617e+02   1.0748883e+03   9.8806725e+01
   2.4897787e+02   9.4432810e+02   2.9226929e+02
   1.9399652e+02   9.4298824e+02   1.1723429e+02
   2.7734218e+02   1.1185377e+03   1.3183123e+02
   2.6000110e+02   9.4840523e+02   1.3021968e+02
   1.0224158e+02   1.1025321e+03   2.0620381e+02
   2.1650598e+02   9.9622661e+02   1.3847386e+02
   1.0711092e+02   8.7678378e+02   1.2183476e+01
   1.5807224e+00   8.8900918e+02   1.2646944e+01
   2.5452308e+02   1.0207125e+03   3.6174016e+02
   1.0656548e+01   1.1535623e+03   1.6782674e+02
   3.0041847e+02   9.9975384e+02   2.2049006e+02
   2.6739506e+02   8.0424496e+02   3.1041758e+02
   2.8298566e+02   9.7343860e+02   2.5227250e+02
   2.6440620e+01   9.4460802e+02   2.6451283e+02
   2.3583327e+02   8.4163744e+02   1.7933390e+02
   3.3770927e+02   1.0903866e+03   1.1908917e+02
   8.7691165e+01   8.1117466e+02   2.0164705e+02
   3.1470826e+02   9.9426933e+02   9.1283709e+01
   1.7413616e+02   8.7612363e+02   3.3061851e+02
   2.8443680e+02   1.1521157e+03   3.1473156e+01
   8.4151894e+01   8.3580151e+02   1.7219541e+02
   2.8667166e+02   1.0174778e+03   3.6551061e+02
   2.8730318e+02   1.1523446e+03   1.0290661e+02
   1.2622136e+02   1.0218723e+03   3.1190453e+02
   3.3358490e+02   9.9690495e+02   9.9138014e+01
   7.7465387e+01   8.6984157e+02   2.2760549e+02
   2.4157842e+02   1.0142862e+03   2.6329081e+02
   2.9621989e+00   1.1480866e+03   2.9951633e+02
   3.2193735e+02   1.1495643e+03   1.7676034e+02
   9.6434755e+00   7.9845733e+02   2.8965193e+02
   1.3217669e+02   9.2589394e+02   3.8421648e+02
   9.6517554e+01   8.3382611e+02   3.7836938e+02
   9.3694874e+01   8.7679987e+02   8.6061954e+01
   2.4190072e+02   9.5797101e+02   3.2354193e+02
   1.6423911e+02   9.0509973e+02   1.1378466e+01
   3.9580178e+02   8.9182300e+02   3.2355621e+02
   5.8826275e+00   9.9847437e+02   1.2066170e+02
   2.7924816e+02   1.1033707e+03   1.1541929e+02
   3.1632756e+02   9.0308391e+02   9.4542429e+01
   3.3708790e+01   8.2033242e+02   2.2951087e+02
   2.7427913e+02   1.0237771e+03   2.1565123e+02
   1.7499932e+02   8.0754433e+02   1.5225073e+02
   7.0275624e+01   8.5732193e+02   1.2769914e+01
   4.6210468e+01   9.1665635e+02   1.4506346e+02
   1.0239484e+02   9.9538393e+02   1.1257562e+02
   7.5411833e+01   9.6156129e+02   3.0692281e+01
   3.3773643e+02   8.8458860e+02   8.3997826e+01
   1.7559227e+02   1.1529887e+03   2.3544182e+02
   1.6904974e+02   1.1262325e+03   3.8642065e+02
   4.7205291e+01   1.0324431e+03   2.0024506e+02
   2.5033099e+02   8.1514199e+02   4.3184911e+01
   1.6913053e+02   1.0515014e+03   2.4843258e+02
   2.0862870e+02   9.0645011e+02   2.5753314e+02
   3.1815474e+01   1.0247916e+03   6.5835564e+01
   2.6277552e+02   1.1457011e+03   2.2148764e+02
   2.1679185e+02   1.1300911e+03   1.6951927e+02
   3.2563035e+02   1.1453242e+03   2.3369981e+02
   1.5801177e+02   1.0045064e+03   1.3858161e+02
   2.5890098e+01   8.5222183e+02   9.1242890e+01
   1.3876753e+02   7.8518800e+02   2.7995328e+02
   6.9952540e+01   1.0003611e+03   1.4610095e+02
   1.3167323e+02   1.0189914e+03   5.5145195e+01
   7.5433097e+01   9.2189982e+02   2.7079711e+02
   1.0407140e+02   1.1339224e+03   3.2248981e+02
   2.5891967e+02   8.0199446e+02   2.4292525e+02
   3.9840089e+02   9.2799790e+02   4.5888834e+01
   5.0825886e+01   7.9480439e+02   2.6541195e+02
   2.3368302e+01   8.1486274e+02   3.1834693e+02
   1.1815307e+02   9.1758811e+02   2.6708344e+02
   3.8921736e+02   1.1351489e+03   7.0950541e+01
   2.6633522e+02   1.1313945e+03   1.6006681e+02
   3.7666198e+02   9.2500575e+02   1.9157510e+02
   1.6754480e+02   1.0880834e+03   2.6014335e+02
   1.0695956e+02   1.0048977e+03   6.6484766e+01
   3.0902909e+02   8.4613870e+02   7.7960917e+01
   3.4082445e+01   9.4619982e+02   5.8783859e+01
   1.6013187e+02   1.0256152e+03   3.0801690e+02
   1.4746393e+02   9.0365666e+02   3.9274027e+02
   2.7418237e+02   8.4271460e+02   3.0929553e+01
   2.0752122e+02   1.1250789e+03   1.4688823e+02
   1.4213967e+02   9.1754995e+02   1.2431984e+02
   2.7957328e+02   1.0670991e+03   2.4176509e+02
   3.1830551e+02   9.0096316e+02   1.1504506e+02
   1.2871366e+02   8.0012699e+02   1.1441805e+00
   3.4360457e+02   1.0555149e+03   3.4861042e+02
   2.7199241e+02   1.0713355e+03   2.9303222e+02
   8.8072112e+01   7.9399542e+02   3.1929665e+02
   8.8337087e+01   1.1222170e+03   1.4706539e+02
   3.9579960e+02   9.0098815e+02   3.6769931e+00
   1.7234897e+02   8.6637363e+02   9.5156609e+01
   2.8039459e+02   9.5715663e+02   3.0926711e+02
   8.1422452e+01   1.1182735e+03   2.9381122e+02
   1.2994987e+02   9.9610323e+02   3.4102623e+02
   3.2105873e+02   8.3707829e+02   1.7829740e+02
   9.7132249e-01   8.6669997e+02   3.0741615e+02
   7.3930544e+01   7.8835489e+02   2.4451262e+02
   1.8733420e+02   8.1049918e+02   2.4939815e+02
   2.8034006e+02   8.2881865e+02   1.0886841e+02
   1.7286629e+01   1.1258992e+03   3.0226884e+02
   1.7239660e+02   9.5539808e+02   3.0275770e+02
   3.9461083e+01   8.3315979e+02   1.8824504e+01
   3.5708367e+02   7.9431647e+02   3.7432667e+01
   1.2937242e+02   1.1296202e+03   1.0890864e+02
   1.6669272e+02   1.1315952e+03   7.5371449e+01
   3.6104178e+02   9.3810181e+02   1.8881760e+02
   6.6348178e+01   7.8685306e+02   4.4091603e+01
   2.9208549e+02   8.4421544e+02   2.5403575e+02
   3.5100891e+02   9.9069910e+02   1.0102295e+02
   3.6974108e+01   7.8165708e+02   3.2180814e+02
   2.4292110e+02   8.1296434e+02   3.6051580e+02
   3.3396039e+02   1.0732666e+03   1.9768401e+02
   4.2484800e+01   1.0471791e+03   3.6827681e+02
   2.3170411e+02   8.8828000e+02   9.3788000e+01
   2.5283337e+02   7.9286675e+02   2.4452756e+02
   1.6138473e+02   9.1244537e+02   3.4504456e+02
   1.0486639e+01   8.8001450e+02   2.4004649e+02
   2.5442782e+02   8.0288416e+02   1.3671427e+01
   5.2828151e+01   1.0486779e+03   2.3149241e+02
   1.5867406e+02   8.8815137e+02   8.1352956e+01
   1.5646908e+02   1.0957109e+03   1.8210806e+02
   1.9085166e+02   9.3927997e+02   3.5257807e+02
   6.6568755e+01   1.0002508e+03   1.0087979e+02
   5.4728176e+01   1.0700406e+03   3.5406221e+02
   2.9179241e+02   9.0249055e+02   3.3074847e+02
   5.4028064e+01   1.1131840e+03   3.8383088e+02
   3.8643334e+02   9.3540740e+02   6.3373685e+01
   1.5508406e+02   8.7521170e+02   3.6706714e+02
   1.9536022e+02   1.0666111e+03   3.2150554e+01
   5.7277453e+01   9.4572737e+02   2.3488189e+02
   3.3234298e+02   1.0688209e+03   1.1160374e+01
   2.8676386e+02   1.0600234e+03   6.9985954e+01
   3.0793662e+02   9.6486415e+02   1.3805286e+02
   2.1306184e+01   9.3622373e+02   2.9255474e+02
   2.1015690e+02   9.0123844e+02   2.3146868e+02
   7.3560503e+01   9.8319873e+02   1.1384037e+02
   6.0014972e+01   9.1426004e+02   3.1933756e+02
   3.8221405e+02   1.0672071e+03   1.3996616e+02
   1.7266583e+02   1.0712016e+03   5.3092369e+01
   1.9839709e+02   9.3857228e+02   9.1903992e+01
   9.7034753e+01   8.9915444e+02   1.6123938e+02
   2.6144346e+02   9.0213641e+02   7.8847509e+01
   8.6614133e+01   1.0582068e+03   3.9693604e+02
   1.0873538e+01   8.4311834e+02   3.2751189e+02
   6.0629290e+01   8.2723279e+02   3.5465436e+02
   1.1916061e+02   8.7944419e+02   1.9942541e+02
   6.3082120e+01   8.8070502e+02   1.4418191e+02
   1.5958056e+02   9.1878053e+02   2.4770091e+02
   1.8969330e+02   1.0423185e+03   1.0303679e+02
   2.8661429e+02   1.1150197e+03   1.2900497e+02
   3.9516550e+02   1.0598354e+03   6.0158878e+00
   2.4855736e+02   1.0190613e+03   6.4320713e+01
   5.8620086e+01   9.0950823e+02   3.6714519e+02
   2.1878565e+01   1.1275031e+03   2.5112973e+02
   3.6212947e+02   9.9009587e+02   1.4289202e+02
   3.6182308e+02   9.4578261e+02   2.5886873e+02
   2.6245152e+02   1.0305992e+03   2.6760307e+02
   1.0950423e+01   9.4987555e+02   2.5359841e+02
   2.3294769e+02   1.0518158e+03   2.4146990e+02
   3.3212111e+02   8.3054806e+02   3.9940911e+02
   2.4170874e+01   8.9490433e+02   1.0379424e+02
   1.1094883e+02   1.0639235e+03   1.7067172e+02
   2.3137186e+02   1.0144691e+03   2.6457128e+02
   1.6806427e+02   1.0454675e+03   1.0742908e+02
   3.0046075e+02   1.0091437e+03   1.7093481e+02
   8.4155679e+01   8.6020747e+02   3.4959932e+02
   3.0829571e+02   7.8689984e+02   3.3584262e+02
   1.8913478e+02   7.9353247e+02   2.6532298e+02
   3.2066364e+02   9.2079443e+02   4.7807125e+01
   1.5594186e+02   9.1393280e+02   2.5340885e+02
   7.2155530e+01   9.5154903e+02   1.2377447e+02
   2.2985390e+02   9.0185388e+02   3.3599517e+02
   7.7698456e+01   8.6120113e+02   2.5322784e+01
   2.5133653e+02   9.0058534e+02   3.9215072e+02
   2.9240473e+02   1.0439380e+03   3.1695662e+01
   3.0263269e+02   8.3905414e+02   9.8256109e+01
   1.9627027e+02   9.5860404e+02   1.7442573e+02
   3.9297025e+02   8.6241634e+02   1.2724714e+02
   2.5539329e+02   9.3930366e+02   1.0365704e+02
   3.2794071e+02   1.0416965e+03   9.1086723e+01
   3.3849091e+02   8.8574176e+02   3.6191955e+02
   3.7327839e+02   8.5614646e+02   1.0352738e+02
   2.7090251e+02   8.1133976e+02   3.0338054e+01
   2.9203884e+02   8.2567043e+02   1.2367156e+02
   1.9804063e+02   1.0522723e+03   8.8469816e+01
   1.9448042e+02   1.0402347e+03   6.8912503e+01
   3.9729844e+02   8.7562715e+02   1.3303609e+02
   1.6582894e+02   9.0834155e+02   5.3083874e+01
   2.3682030e+02   9.5641042e+02   2.7030430e+02
   5.9958525e+01   1.0959344e+03   3.0370512e+02
   1.2118524e+02   8.2292254e+02   7.6279243e+01
   2.7187783e+01   7.9856906e+02   1.0901110e+02
   1.1899089e+02   8.9025283e+02   1.4411988e+02
   3.2732654e+02   1.1525787e+03   2.4260509e+02
   1.7356475e+02   9.0866431e+02   2.2344683e+02
   1.5190437e+02   7.9269022e+02   1.1189948e+01
   1.5651743e+02   7.8905419e+02   9.4469522e+00
   1.9216914e+02   8.8274867e+02   1.5237024e+02
   3.2861836e+02   9.4376501e+02   5.5620259e+01
   2.2629201e+01   1.0289034e+03   2.6732702e+02
   2.7970454e+02   1.0665995e+03   3.8597772e+02
   5.7985322e+01   8.8680935e+02   2.6676409e+02
   3.1132872e+02   1.0130683e+03   3.6632533e+02
   5.9302244e+01   1.0337469e+03   1.4374397e+02
   3.2469821e+00   1.0986659e+03   1.3298084e+01
   2.8714121e+02   1.0386134e+03   2.7931267e+02
   4.0134647e+01   9.9420226e+02   2.5281702e+02
   1.1645429e+02   1.1260406e+03   3.3589916e+02
   3.8360052e+02   7.8973877e+02   6.6569796e+01
   2.5087708e+02   8.4878842e+02   3.0822129e+02
   3.5031205e+02   9.0595560e+02   6.2276763e-01
   1.1825505e+02   9.8399382e+02   3.3277574e+02
   1.6216923e+02   1.0951015e+03   5.3196680e+01
   7.0567885e+01   1.1497810e+03   3.2226323e+02
   2.0904463e+01   1.0943863e+03   1.0272647e+02
   2.0723581e+01   9.9921803e+02   2.5107547e+01
   1.1102617e+02   9.4545951e+02   3.7166501e+02
   1.1375723e+00   9.3978185e+02   3.0615549e+02
   2.6737756e+02   9.2027493e+02   2.5857136e+02
   5.6169778e+01   9.5266214e+02   1.5616631e+02
   3.8124632e+02   8.7502983e+02   4.3824608e+01
   1.5409341e+02   7.8699116e+02   1.4012231e+02
   1.5769712e+02   8.9243391e+02   2.8266790e+02
   1.4665109e+02   1.1044662e+03   5.1305165e+01
   3.0965573e+02   1.0626109e+03   5.6988682e+00
   2.1754398e+02   8.6863613e+02   1.5358726e+02
   1.7412724e+02   8.9040110e+02   1.5210376e+02
   1.7549696e+02   1.0193950e+03   3.9263616e+02
   3.0484268e+02   1.0091966e+03   4.3889861e+01
   3.2970504e+02   9.5048462e+02   3.8539613e+02
   1.1274186e+02   1.0045840e+03   2.4824575e+02
   1.3831956e+02   8.6745673e+02   9.3273408e+01
   1.3426287e+01   8.2144702e+02   3.5727460e+02
   2.9015005e+02   1.0574851e+03   3.7515459e+02
   2.9530540e+02   1.0598378e+03   1.7359809e+02
   3.4696445e+02   9.5318635e+02   4.7096557e+01
   9.5189129e+01   8.5269021e+02   3.6909347e+01
   3.4158071e+02   9.8826069e+02   2.4376689e+02
   1.8098431e+02   1.0260117e+03   1.0957561e+02
   2.5099744e+02   9.7205586e+02   2.2261944e+02
   1.0781169e+02   9.5507247e+02   1.7212608e+02
   4.0869588e+01   1.0359498e+03   1.5062567e+02
   9.2966835e+01   1.1150323e+03   1.9991218e+02
   1.0181156e+02   8.1063782e+02   6.3020823e+00
   5.0483895e+01   1.0533249e+03   3.9721896e+02
   9.3997726e+01   9.2196482e+02   1.4019947e+02
   1.7737102e+01   7.9177238e+02   1.5043999e+02
   3.9808669e+02   1.1329348e+03   2.9979239e+01
   2.7772330e+02   8.1240494e+02   2.3165548e+02
   3.2386913e+02   1.0674658e+03   3.2243338e+01
   3.7835230e+02   9.0559621e+02   3.0359713e+02
   2.0311402e+02   1.1005938e+03   3.9909201e+02
   2.7553450e+02   8.8327582e+02   1.2274324e+02
   3.1562609e+02   9.5495581e+02   2.4881888e+02
   1.0141348e+02   9.4939577e+02   1.6531622e+02
   2.9866654e+02   9.5918487e+02   2.8454701e+02
   2.7936877e+02   9.3771455e+02   3.9529471e+02
   3.8651614e+02   1.0598261e+03   6.1384752e+01
   1.9639437e+02   7.9969916e+02   2.0956881e+02
   8.2892503e+01   8.0206574e+02   3.9684789e+02
   2.4814721e+02   8.9210308e+02   1.6115030e+02
   2.3846032e+02   7.8533033e+02   3.3049352e+02
   1.7357237e+02   8.5198166e+02   2.7437820e+02
   1.1678329e+02   9.6335163e+02   2.2647030e+02
   3.7838479e+02   8.5600984e+02   2.1872299e+02
   2.3399313e+02   7.8499168e+02   1.7711130e+02
   2.5064611e+02   9.0768515e+02   2.8316887e+02
   3.9979212e+02   8.5943297e+02   1.7155325e+02
   2.6771033e+02   1.0146606e+03   7.8467409e+01
   1.7034148e+02   9.3229772e+02   1.9087194e+02
   1.0577354e+02   8.8969278e+02   3.7425933e+02
   2.2148923e+02   8.4398863e+02   1.2687321e+02
   3.2402234e+02   9.2276525e+02   1.4366931e+02
   3.3778029e+01   8.7502042e+02   7.3156023e+01
   9.6583071e+01   1.0317986e+03   2.6016812e+01
   1.6518933e+01   9.2278544e+02   1.0136629e+02
   1.4212898e+02   9.0153856e+02   3.7874263e+02
   2.6097189e+02   8.1306250e+02   2.8028961e+01
   6.2589076e+01   1.1053281e+03   3.0018677e+02
   1.2651085e+02   7.8410293e+02   3.5743427e+01
   4.7696857e+01   9.8537225e+02   2.6549778e+02
   1.1219887e+02   8.5691050e+02   1.4576385e+02
   3.8999051e+02   1.1500423e+03   3.1487002e+02
   1.0074544e+02   9.0062592e+02   3.5523524e+02
   2.7287613e+02   8.4420187e+02   8.3012777e+01
   6.5851051e+01   7.8929174e+02   2.3230312e+02
   3.1682411e+02   1.1152231e+03   2.9625722e+02
   9.5278950e+01   7.9679686e+02   5.4575441e+01
   1.1789646e+02   1.0365759e+03   3.8461791e+02
   3.3019985e+02   8.1746536e+02   3.2628327e+02
   3.1959288e+01   9.1097993e+02   3.3544802e+02
   2.6737825e+02   8.0629209e+02   3.5203979e+02
   1.0060055e+02   9.1200434e+02   2.6285721e+02
   2.2942773e+02   1.0372433e+03   2.9958288e+02
   6.3385212e+01   1.1334450e+03   2.1467740e+02
   9.8059141e+01   1.0726893e+03   3.2366864e+02
   2.7163826e+02   9.4385227e+02   3.9367479e+02
   2.9694274e+02   1.0234387e+03   2.3790134e+02
   3.3577214e+01   1.0908646e+03   8.7047864e+01
   5.9105237e+01   1.0194274e+03   2.3386476e+02
   2.0782843e+02   9.2011252e+02   8.4421615e+01
   1.4140525e+02   8.0757161e+02   3.8209407e+02
   1.8106069e+02   8.9259391e+02   1.1105234e+02
   8.8153323e+01   8.6053007e+02   5.7710877e+01
   1.2324856e+02   1.0464313e+03   2.8371676e+02
   1.3326390e+02   8.0025899e+02   9.8571291e+00
   1.6687235e+02   8.9595751e+02   3.0388914e+02
   3.4522093e+02   9.2148867e+02   2.7416873e+02
   2.8467798e+02   8.3659651e+02   2.3918444e+02
   2.7124576e+02   1.0398886e+03   1.6421805e+02
   1.7983845e+02   8.8680921e+02   2.6760270e+02
   6.8245322e+01   1.0239651e+03   2.0534734e+02
   3.0277098e+02   9.6139229e+02   1.8431404e+02
   2.7311284e+02   8.8954345e+02   3.9780391e+02
   2.9716813e+02   9.8533456e+02   1.4864686e+02
   1.7130225e+02   9.3543855e+02   2.5650310e+02
   3.7851570e+02   1.1145796e+03   3.0340194e+01
   3.9455741e+02   8.1393448e+02   2.0398597e+01
   2.9027242e+02   8.8557325e+02   8.5077151e+01
   3.1818029e+02   1.1326195e+03   1.3153429e+01
   2.1867649e+02   9.9896740e+02   2.6075963e+02
   2.7600548e+02   9.8904370e+02   2.4323786e+02
   1.9627125e+02   8.1152292e+02   2.3895681e+02
   9.5944002e+01   9.6283336e+02   5.6547518e+01
   1.8326596e+02   7.9495162e+02   3.1826959e+02
   1.7456999e+02   9.4694879e+02   3.2276794e+02
   6.0649699e-01   9.3012530e+02   3.3851044e+01
   2.4457126e+02   9.7163526e+02   3.1863145e+02
   2.4880492e+02   8.1993312e+02   2.2788025e+02
   5.7179123e+01   7.8390947e+02   1.2249059e+02
   2.1985856e+02   1.0161904e+03   2.0826455e+02
   3.0099344e+02   9.0663710e+02   1.1347153e+02
   1.9189281e+02   1.0719321e+03   2.0982956e+02
   1.0501860e+02   8.8215535e+02   2.1661476e+02
   2.2029681e+02   9.2787317e+02   9.8766513e+01
   2.3394500e+02   8.9333404e+02   1.4711593e+02
   2.7211759e+02   8.5072707e+02   9.8628155e+01
   5.7603858e+01   1.0500944e+03   2.3767843e+02
   3.4302008e+02   1.1533272e+03   2.3880276e+02
   3.5230518e+02   8.9839181e+02   1.5209313e+02
   3.1983053e+02   8.4359238e+02   9.2353017e+01
   2.3965307e+02   9.6058196e+02   1.8072297e+02
   3.3312958e+02   1.0474319e+03   2.9130471e+02
   3.4014792e+02   8.8163381e+02   2.4386760e+02
   3.4779480e+01   9.3644076e+02   2.0505689e+02
   1.7429598e+02   9.7261314e+02   8.7837183e+01
   1.1142549e+02   8.8904823e+02   3.4119700e+02
   3.3280707e+01   8.6660781e+02   2.8169457e+02
   3.6078389e+02   7.8446174e+02   1.9322015e+02
   1.5739903e+01   8.3778393e+02   3.3509097e+02
   2.0050885e+02   1.0617846e+03   1.4642752e+02
   1.1932517e+02   1.0562280e+03   3.1643077e+02
   7.4772607e+01   9.5166224e+02   3.1758068e+02
   3.5924954e+02   8.0159968e+02   1.9460463e+02
   2.9605681e+02   8.5045557e+02   9.9657262e+01
   3.3990186e+02   8.2934206e+02   9.3223364e+01
   1.9970264e+01   8.0735319e+02   9.9876278e+01
   2.1592453e+02   1.0900454e+03   1.8127833e+02
   3.5209795e+02   8.4778223e+02   3.6061531e+02
   3.4764230e+02   8.4830381e+02   7.4004850e+01
   8.8403862e+01   9.0326794e+02   2.8004018e+02
   1.8228337e+02   8.4086364e+02   2.2146202e+02
   1.4179446e+02   8.1476194e+02   1.8506202e+02
   3.5648077e+02   8.5577626e+02   1.3341807e+02
   2.6004329e+02   1.0588774e+03   1.5719664e+02
   7.7911242e+01   8.7515872e+02   1.5082760e+02
   9.8829858e+01   8.1085612e+02   2.9802322e+02
   1.0649366e+02   8.0506372e+02   2.0555690e+02
   1.5041315e+02   8.4049486e+02   1.7595070e+02
   2.5546556e+02   8.3272252e+02   3.1221805e+01
   2.2863762e+02   7.8133795e+02   1.0626851e+02
   1.0152088e+02   9.2016482e+02   1.5114857e+02
   2.9091153e+02   9.3828934e+02   1.4510588e+02
   2.0677994e+02   9.8111420e+02   3.2058267e+02
   2.7016705e+02   8.5733071e+02   7.0951467e+01
   1.9315099e+02   1.0898655e+03   5.9914744e+01
   1.0971792e+02   7.9907727e+02   2.7865665e+02
   9.7348991e+01   8.5794169e+02   1.9263000e+02
   9.2412596e+01   8.4514100e+02   8.4766229e+01
   3.5354809e+02   8.1323240e+02   6.7603511e+01
   3.3823336e+02   7.8556857e+02   1.2836642e+01
   1.2523681e+02   9.6962686e+02   2.6422743e+02
   1.4347480e+02   8.4695798e+02   3.3812648e+02
   3.5985903e+01   1.0397427e+03   1.0302612e+02
   2.8474517e+02   8.9843502e+02   1.2594098e+02
   3.5529278e+02   7.9628697e+02   9.7983204e+01
   1.5832978e+02   9.1728662e+02   3.8260362e+02
   1.4710689e+02   9.7895982e+02   5.3817719e+01
   1.3443858e+02   9.4866026e+02   1.5561719e+02
   1.2475704e+02   9.7987378e+02   7.8367197e+01
   1.2198720e+02   9.5135846e+02   3.5403272e+02
   4.3903033e+01   8.4690878e+02   1.2157396e+02
   2.2183004e+02   8.1914755e+02   2.2246887e+02
   3.7461956e+02   9.1715837e+02   3.4187331e+02
   3.2575962e+02   1.0208028e+03   1.7398345e+01
   2.9071265e+02   1.1251393e+03   5.9007381e+01
   3.9668382e+02   8.4562914e+02   2.6150680e+02
   1.6669660e+02   9.0037262e+02   3.8402439e+02
   2.4308897e+02   9.4203112e+02   1.2500060e+02
   3.2800763e+02   9.8818142e+02   2.7136970e+02
   1.2413502e+02   1.1157734e+03   3.1021253e+02
   2.7190472e+02   9.6731115e+02   2.1096181e+02
   2.5045021e+02   9.6856206e+02   1.4171832e+02
   3.7581751e+02   8.2196741e+02   1.4379503e+02
   3.1185036e+02   1.1349134e+03   1.1697410e+02
   1.7675513e+02   9.8564879e+02   1.5081705e+02
   2.1448467e+02   1.0823302e+03   2.9859846e+02
   1.3645518e+02   1.0268763e+03   2.0065777e+02
   1.6671790e+02   1.0149410e+03   1.4324808e+02
   1.7584446e+02   1.0595945e+03   1.4740143e+02
   2.6006357e+02   9.7482782e+02   6.3688537e+01
   3.9308422e+01   8.5162354e+02   1.6352188e+02
   3.0020721e+02   9.3643684e+02   1.1312462e+02
   2.3348323e+02   7.9562457e+02   2.0356977e+02
   1.0753783e+02   9.8325222e+02   1.4358533e+02
   7.7276100e+01   9.0951500e+02   2.7323030e+02
   1.4888410e+02   7.9235846e+02   1.6127838e+02
   1.9936859e+02   8.2876759e+02   3.3899750e+02
   1.3048822e+02   7.8081658e+02   1.5637041e+02
   2.6563620e+02   7.9939699e+02   2.9149827e+02
   2.3023998e+02   9.9030364e+02   2.5695305e+02
   2.4003109e+02   9.5499671e+02   2.7926362e+02
   1.6889769e+02   9.6329537e+02   5.0144607e+01
   3.1624895e+02   9.1587549e+02   2.4248147e+02
   1.5551478e+02   1.0124294e+03   1.8029000e+02
   3.5344501e+02   1.0172961e+03   3.0276693e+02
   3.8932988e+02   7.9337620e+02   1.1461992e+02
   6.7818549e+01   9.2005803e+02   1.6379357e+02
   2.1151563e+02   1.1292238e+03   6.6803067e+01
   5.9694899e+01   8.1330008e+02   2.7449009e+02
   5.8814755e+01   9.7507933e+02   7.1831970e+01
   2.7126656e+02   8.2775413e+02   2.0926963e+02
   1.5027507e+02   7.8700992e+02   1.4851404e+02
   1.6572432e+02   1.1585610e+03   8.6058416e+01
   1.9746163e+02   1.1419016e+03   1.8490591e+02
   2.6633478e+02   1.0191260e+03   1.3394170e+02
   1.2596740e+02   7.9205515e+02   3.0888366e+02
   1.7387206e+02   8.5777313e+02   2.1608184e+02
   3.3476613e+02   1.1341173e+03   1.6394896e+02
   2.1868738e+01   8.3751150e+02   8.0453603e+01
   1.1303360e+02   1.0139598e+03   1.5393731e+02
   1.1925104e+02   1.0176595e+03   2.1266231e+02
   1.1599527e+02   8.0527157e+02   2.2756884e+02
   3.6506780e+02   8.8340076e+02   2.9518034e+02
   2.4422171e+02   9.1245911e+02   1.2124625e+02
   1.4217461e+02   1.0959996e+03   1.6626688e+02
   3.0796311e+02   8.7400455e+02   2.0926753e+01
   1.6821947e+02   8.4153187e+02   8.1891369e+01
   1.3192968e+02   8.2642862e+02   2.4755258e+02
   3.3744819e+02   1.0408668e+03   1.8280156e+01
   1.2378638e+02   8.5550225e+02   2.3960967e+02
   3.9002611e+02   9.4189191e+02   3.3273776e+02
   2.6703680e+02   1.0823142e+03   2.9886972e+02
   1.5671052e+02   1.1544720e+03   5.7481839e+01
   8.1786029e+01   8.3285304e+02   1.3392721e+02
   1.6322428e+02   1.0391780e+03   7.4174455e+01
   1.2232724e+02   1.0011278e+03   1.4188737e+02
   2.1368187e+02   8.3617716e+02   1.5692206e+02
   3.6401310e+02   1.0091503e+03   3.0942792e+02
   2.2557118e+01   1.1237957e+03   4.9912284e+01
   5.3312242e+01   1.1187128e+03   7.6993737e+01
   2.9156829e+02   9.6273188e+02   2.1433675e+02
   2.9515578e+01   1.0422317e+03   2.7614727e+00
   3.6236751e+02   8.5977605e+02   1.3768269e+02
   2.9492316e+02   9.8797733e+02   2.5945296e+02
   1.7647589e+02   1.1424216e+03   2.9141349e+02
   3.8235704e+02   1.1375286e+03   2.4858628e+02
   1.0843508e+02   9.6000958e+02   1.1318319e+02
   2.6123418e+02   1.0491517e+03   2.0087755e+02
   3.8479735e+01   7.8879574e+02   2.8310888e+02
   1.0821963e+02   9.9165754e+02   2.3073711e+02
   1.5825617e+02   9.1075540e+02   3.2768006e+02
   2.0022038e+02   8.6305325e+02   2.2551824e+02
   2.5194364e+02   7.8977890e+02   2.2736723e+02
   1.6794395e+02   9.3175138e+02   1.7970935e+02
   6.7546708e+01   1.0288380e+03   1.2113270e+02
   3.1262676e+02   1.1245592e+03   2.2985829e+02
   1.4599218e+02   1.0910369e+03   3.7719462e+02
   1.4025601e+02   9.0631792e+02   2.4798205e+01
   2.0035676e+02   8.5102406e+02   2.7200069e+02
   2.8154675e+02   8.3666199e+02   1.4515515e+02
   7.1748918e+01   9.8760572e+02   3.1334919e+02
   3.3830822e+02   7.9363467e+02   9.7576742e+01
   3.8677943e+02   1.1164227e+03   2.3445064e+02
   1.1981292e+01   1.0639220e+03   1.7328354e+02
   1.4833520e+02   1.0666565e+03   1.3357963e+02
   1.5313346e+02   1.0935423e+03   1.3405149e+02
   7.2010454e+00   9.2293444e+02   1.8387765e+02
   2.4419244e+01   9.4495911e+02   2.0875132e+02
   2.8273895e+02   1.0142776e+03   2.9693052e+02
   2.1061793e+02   1.0670872e+03   2.6803835e+02
   5.0885318e+01   8.7362530e+02   1.8809284e+02
   2.8112536e+02   8.2267317e+02   2.1370766e+01
   4.7600563e+01   9.7025151e+02   1.5011935e+02
   2.7115082e+02   1.0858150e+03   3.9613552e+02
   7.4851974e-01   1.1291597e+03   8.5105994e+01
   7.2463919e+01   8.1768807e+02   2.6623912e+02
   3.4599395e+02   8.7101730e+02   3.2426249e+02
   9.2553572e+01   9.2440395e+02   4.9335963e+01
   2.6590873e+01   1.0238109e+03   9.7835251e+01
   9.6967422e+01   8.0612265e+02   3.1786930e+02
   3.4337654e+02   8.7955550e+02   1.9551210e+02
   2.7114606e+02   8.5630859e+02   1.5178533e+02
   3.7796755e+02   9.9200152e+02   3.1898546e+02
   1.4178226e+02   9.5073396e+02   3.6654724e+02
   3.9488436e+02   8.7759394e+02   2.2270009e+02
   3.5166035e+02   8.9938099e+02   2.0022533e+02
   8.3181782e+01   8.0897124e+02   2.4498995e+02
   1.7404190e+02   1.0659222e+03   1.5519481e+02
   2.0615761e+02   8.1862107e+02   1.6805187e+02
   3.5702136e+02   1.1191500e+03   2.9962143e+02
   4.3774803e+01   1.0084778e+03   2.4310706e+02
   3.8482822e+02   1.1398603e+03   2.5503903e+02
   2.1003958e+02   1.0863680e+03   3.3141398e+02
   2.8953735e+02   9.4782766e+02   9.8227301e+01
   1.7578532e+02   1.1490708e+03   1.2767799e+02
   8.1725766e+01   1.0550137e+03   2.4715265e+02
   1.4072103e+00   8.6373065e+02   1.3000423e+02
   3.9516476e+02   1.1200036e+03   2.4119666e+02
   9.2886508e+01   1.1582712e+03   2.1374304e+02
   1.4232224e+02   9.6395180e+02   1.5089780e+02
   1.9584579e+02   9.1445842e+02   3.1029543e+02
   2.8509128e+02   1.0442520e+03   3.8877707e+02
   3.7955405e+02   1.0725559e+03   4.5096868e+01
   6.0591247e+01   1.1509176e+03   3.9077869e+02
   1.3217874e+02   9.0949446e+02   1.8780144e+02
   2.9198712e+02   1.0722452e+03   1.1434271e+02
   2.3570150e+02   1.0944934e+03   3.5228536e+02
   5.8287659e+01   1.1426443e+03   1.5006566e+02
   2.5929823e+02   8.7261798e+02   2.8813699e+01
   8.2519766e+01   8.4985262e+02   2.9671042e+02
   4.2788843e+01   1.1384085e+03   2.5723823e+02
   3.1374659e+02   9.8809079e+02   3.9004853e+02
   2.3499054e+02   7.9979587e+02   1.7412011e+02
   3.7798368e+02   7.8428061e+02   1.8846453e+02
   1.8931886e+02   1.1323976e+03   3.7834095e+02
   2.9606553e+02   1.1081825e+03   2.6106769e+02
   3.4250575e+01   7.8557917e+02   3.5331614e+02
   2.4870333e+02   1.0365026e+03   1.2661297e+02
   1.8776682e+02   8.4368667e+02   1.6132807e+02
   2.2221573e+02   9.4332881e+02   3.0316000e+02
   1.1352458e+02   7.9841337e+02   1.7164198e+02
   1.3880329e+02   1.0278575e+03   1.6049282e+02
   2.3922558e+02   8.5848105e+02   1.9223732e+02
   2.2982199e+02   9.5238141e+02   2.6840661e+02
   1.0794318e+02   8.9407035e+02   3.5575448e+02
   7.1914385e+01   9.3102045e+02   2.9062733e+02
   2.8631292e+02   8.1914785e+02   2.3422607e+02
   1.3235052e+02   1.1386233e+03   1.5952055e+02
   3.3686550e+02   1.1201323e+03   1.8079414e+02
   1.2750830e+02   1.0453021e+03   3.1499500e+02
   2.3266539e+02   8.7158683e+02   8.8660856e+01
   3.8062212e+02   1.0283048e+03   3.2271268e+02
   2.3605105e+02   1.1067375e+03   2.2976524e+02
   7.4059257e+01   8.8403976e+02   1.0525996e+02
   6.6526113e+01   7.9965946e+02   1.3076167e+02
   2.6369081e+02   9.3625041e+02   6.7990432e+01
   2.5965837e+02   1.0041349e+03   1.2489735e+02
   1.2499370e+02   1.1461240e+03   1.6418692e+02
   3.8483329e+02   7.9310071e+02   1.1224791e+02
   3.4828536e+01   9.3175854e+02   2.7430163e+02
   1.1918615e+02   1.1259407e+03   2.8564118e+02
   2.9133368e+02   9.6453969e+02   3.2117897e+02
   2.6888228e+02   1.1455912e+03   3.8392502e+02
   3.7491598e+02   8.2091635e+02   9.8077859e+00
   1.4095927e+02   1.0570553e+03   3.7417298e+02
   3.0827737e+02   8.0415556e+02   2.1362009e+02
   3.4463578e+02   8.4389054e+02   2.1243983e+02
   1.6939652e+02   9.1825489e+02   3.4792233e+01
   3.1727810e+01   1.0840829e+03   2.0111217e+02
   2.5217232e+02   1.0827449e+03   6.0514352e+01
   3.4958109e+02   8.8101166e+02   2.6253362e+02
   1.3074626e+02   1.0825705e+03   1.0326509e+02
   3.9631891e+02   1.1359001e+03   2.4877833e+02
   2.5490825e+02   8.4633699e+02   9.6389781e+01
   3.2229766e+02   9.3872657e+02   2.6956224e+02
   1.9422784e+02   9.2393815e+02   1.7865301e+02
   7.9061306e+01   1.0809521e+03   1.5670981e+02
   3.0282196e+02   9.0423843e+02   3.1800539e+02
   8.4094181e+01   8.4531616e+02   9.3174559e+01
   6.7284924e+00   1.0761587e+03   1.1109673e+02
   1.0568153e+02   7.8569382e+02   8.7341784e+01
   1.0990871e+02   8.0263880e+02   9.7169545e+00
   2.0328045e+02   1.0788343e+03   1.2132873e+02
   3.1449526e+02   9.1893971e+02   2.9512648e+02
   1.4469769e+02   8.2678973e+02   1.4863643e+02
   2.1890210e+02   9.0341257e+02   1.2798541e+02
   2.5273964e+02   9.2831967e+02   3.0045943e+02
   8.3396992e+01   1.1348718e+03   3.9765706e+02
   3.1611527e+02   1.0110838e+03   7.5171501e+01
   2.9096557e+02   8.9445626e+02   2.9208698e+01
   6.6247229e+01   8.0932346e+02   2.2971548e+02
   2.1969498e+02   8.1797410e+02   1.4868031e+02
   7.4235295e+01   7.8047943e+02   2.7539166e+02
   2.5976429e+02   9.1458232e+02   2.9188826e+02
   3.6630070e+02   8.8608718e+02   1.4194981e+02
   1.1929887e+02   9.8116845e+02   5.4026783e+01
   3.1009119e+02   1.0439879e+03   9.2760189e+01
   3.4563289e+02   9.4758146e+02   5.6820656e+01
   2.1403755e+02   1.0135283e+03   3.9289005e+01
   3.7403037e+02   9.0103284e+02   1.7761039e+02
   4.0875112e+00   7.8249462e+02   1.0497393e+02
   2.0483819e+02   8.7384852e+02   3.0978355e+02
   2.7606493e+02   9.5322834e+02   3.2093655e+01
   1.1852611e+02   9.4418427e+02   5.3920834e+01
   2.9159422e+02   9.5679144e+02   5.9538350e+01
   3.7135101e+02   8.6104996e+02   1.4150452e+02
   2.8324749e+02   9.0700193e+02   5.2033506e+01
   3.3388175e+02   1.0041973e+03   2.8096492e+02
   2.4228862e+02   7.8614229e+02   2.8522188e+02
   1.8881230e+02   1.1243458e+03   1.0350169e+00
   1.1847192e+02   1.1514612e+03   1.5514162e+02
   2.2420928e+02   9.4496620e+02   4.8839429e+01
   4.0191726e+01   7.9302144e+02   8.9639772e+01
   2.4576378e+02   8.2528431e+02   3.1538489e+02
   3.9182657e+02   1.0254521e+03   1.0540359e+02
   2.4121441e+02   1.0488339e+03   2.9978048e+02
   3.0389988e+02   1.0253732e+03   1.3310194e+02
   2.2568177e+02   1.0656221e+03   9.8806445e+01
   7.6928511e+01   1.1046806e+03   3.5099256e+02
   3.7179609e+02   1.0692032e+03   2.1170211e+02
   1.7615329e+02   8.1969092e+02   2.7913887e+02
   1.3376761e+02   1.1326771e+03   7.9634142e+01
   1.5041936e+02   9.0518979e+02   2.6869692e+02
   2.6840476e+02   8.8838798e+02   3.4168090e+02
   1.0964889e+02   8.1818306e+02   1.6178196e+02
   3.4884735e+02   1.0626426e+03   2.3283807e+02
   1.0921444e+02   9.0410848e+02   1.4658691e+02
   7.3170849e+01   9.1180501e+02   8.3060902e+01
   3.0803391e+02   7.8008555e+02   2.8343419e+02
   3.3932904e+02   8.4382212e+02   3.4321584e+02
   3.0191619e+02   1.0711552e+03   1.8098029e+02
   3.3114567e+02   1.0374784e+03   2.1090264e+02
   1.9379216e+02   9.7443288e+02   3.2191210e+02
   2.2573415e+02   1.0480992e+03   3.9007793e+01
   2.0131075e+02   9.2931447e+02   4.9302981e+01
   1.0122397e+02   1.0163742e+03   3.4648454e+02
   2.0100127e+02   7.9492903e+02   3.1930965e+02
   3.8183015e+02   1.1290098e+03   3.1245803e+01
   6.7016356e+01   9.4439760e+02   3.6581838e+02
   2.0690325e+02   9.8427894e+02   1.7041564e+02
   8.8489517e+01   9.9021051e+02   3.5406459e+02
   4.0863806e+01   1.0905528e+03   2.5018873e+01
   1.5971354e+02   1.0645535e+03   1.0138982e+02
   5.6362496e+01   9.2921595e+02   2.6411809e+02
   3.4080411e+02   1.1115218e+03   4.3324951e+01
   9.9317603e+01   8.5493997e+02   1.6038144e+02
   2.9828063e+02   9.7008909e+02   3.9236774e+01
   3.5264847e+01   1.1229180e+03   2.4496980e+02
   2.9512323e+02   1.1205832e+03   1.8182784e+02
   2.7938399e+02   8.3251064e+02   2.1142258e+02
   4.6458570e+01   1.0830217e+03   2.2396470e+02
   3.0928057e+02   1.0129224e+03   2.1057039e+02
   3.3808494e+02   1.1060594e+03   2.9396593e+02
   2.9133132e+01   9.2641878e+02   6.9162205e+01
   1.2663233e+02   8.5789126e+02   8.8326376e+01
   3.2231450e+01   8.1777469e+02   2.1210878e+02
   1.1734009e+02   8.3216855e+02   5.1619304e+01
   1.5555855e+02   1.0208029e+03   1.7230979e+02
   6.3840722e+01   1.0843027e+03   2.4288810e+02
   2.2046094e+02   9.5319968e+02   3.0250837e+01
   3.2487033e+01   7.9527182e+02   1.3466178e+02
   7.3890279e+01   7.8295049e+02   1.3876914e+01
   1.0789489e+02   9.6135057e+02   1.7191552e+02
   1.4000541e+02   7.9313034e+02   2.1994640e+02
   2.2007820e+02   1.0449510e+03   2.1146962e+02
   1.1844223e+02   1.0973719e+03   1.1821138e+02
   6.4391584e+01   9.8595009e+02   4.0746124e+00
   2.3773732e+02   9.0769250e+02   3.2449531e+02
   6.5369162e+01   7.9657431e+02   2.7801076e+02
   1.9610003e+02   8.3844858e+02   4.0558824e+00
   2.3443455e+02   8.7897660e+02   2.1490290e+02
   3.6962369e+02   9.5077442e+02   9.0072180e+01
   3.1503420e+02   8.6220824e+02   1.8544274e+02
   2.9918121e+02   1.0079314e+03   9.7245385e+01
   2.0745667e+02   6.7874565e+02   3.6384678e+02
   3.4975661e+02   5.4119160e+02   7.9668169e+01
   2.0856356e+02   6.9638039e+02   9.4126350e+00
   1.6480549e+02   6.1025072e+02   1.6986524e+02
   2.7678447e+02   7.1744389e+02   2.5850882e+02
   1.3848348e+02   7.7146198e+02   3.1758499e+02
   2.8235033e+02   6.4308466e+02   1.6926906e+02
   3.8282172e+00   5.4996787e+02   1.0182175e+02
   3.3748204e+02   5.5828846e+02   2.3226336e+02
   2.0158019e+02   7.5102456e+02   1.2197639e+02
   1.8850203e+02   7.1329257e+02   3.1406324e+02
   2.9995348e+01   7.1672589e+02   2.6399656e+02
   2.1899803e+02   5.5104896e+02   3.1985773e+02
   3.5638526e+02   5.4445078e+02   9.5554100e+01
   1.9060348e+02   6.0257950e+02   4.3212831e+01
   3.8242193e+01   6.5659493e+02   3.8405819e+02
   2.2177808e+02   6.4584136e+02   4.6574585e+01
   3.3303315e+02   6.0070448e+02   3.0258761e+02
   2.9576860e+02   5.9654282e+02   3.6579540e+01
   3.0131742e+02   6.3844340e+02   1.8895885e+02
   1.1040754e+01   5.5643977e+02   9.2952587e+01
   2.2061734e+02   7.3061333e+02   3.0185531e+02
   1.2867553e+02   6.7024093e+02   9.1872195e+01
   1.3311453e+01   6.1048950e+02   3.1797580e+02
   1.7787827e+02   6.6530632e+02   4.3360380e+01
   1.5584766e+02   7.4287460e+02   2.3600191e+02
   1.7093236e+02   7.7935073e+02   1.7192557e+02
   1.1279447e+02   6.7463836e+02   3.9498723e+02
   1.8523209e+02   6.3885553e+02   3.3353945e+02
   2.1943177e+02   7.7090571e+02   2.6701848e+02
   3.5827793e+02   5.6352560e+02   4.5917259e+01
   1.3317062e+02   6.4808514e+02   5.0407701e+01
   3.4170321e+02   5.6225581e+02   2.4400040e+00
   1.9575449e+02   5.5479149e+02   2.2277649e+02
   3.9378080e+02   5.5476586e+02   1.4458740e+01
   2.2538690e+02   7.6669232e+02   2.2160161e+02
   2.7781731e+02   5.7901346e+02   3.6181548e+02
   2.8235451e+02   6.5645557e+02   3.1134226e+02
   3.6210131e+00   5.5713553e+02   3.9889755e+02
   9.1419506e+01   6.8674941e+02   3.6313519e+02
   3.9532949e+02   5.4558461e+02   3.4902411e+02
   2.5100772e+02   5.6298211e+02   1.0935213e+02
   3.4436924e+02   5.5217287e+02   1.0809033e+02
   3.2361383e+02   6.7193718e+02   3.4701617e+02
   3.3259130e+02   7.6282219e+02   1.7608527e+02
   1.7273993e+02   7.6433571e+02   3.3484557e+02
   3.0891165e+02   7.6818420e+02   2.8215124e+02
   2.6011295e+02   5.6097385e+02   2.5022642e+02
   6.8989184e+00   7.0547285e+02   1.9959638e+02
   2.1142533e+02   6.0008814e+02   2.8431224e+02
   3.0868919e+02   6.2013018e+02   1.2022474e+02
   1.4330777e+02   7.4624294e+02   3.9790852e+02
   3.6254163e+01   7.5920292e+02   2.3522984e+02
   1.8089110e+02   7.2995781e+02   3.4471357e+02
   2.2499835e+00   7.7374758e+02   2.9696351e+02
   2.9819390e+00   7.3891050e+02   3.4636336e+02
   2.9388828e+02   5.8988235e+02   1.6678093e+02
   1.4044662e+02   6.6076350e+02   1.6152245e+02
   1.5571494e+02   5.6615961e+02   4.1953994e+01
   4.4379348e+01   5.6345115e+02   9.9011718e+01
   3.8835151e+02   7.3859861e+02   1.4755924e+02
   2.9432702e+01   6.3534708e+02   3.5352268e+02
   3.3782322e+02   7.0816331e+02   3.9496545e+02
   7.2041992e+01   7.5479349e+02   9.4872767e+01
   3.5849529e+01   5.8435025e+02   2.3196883e+02
   8.9339855e+00   7.2184187e+02   5.4474244e+00
   8.1227603e+01   6.0724989e+02   1.0266862e+02
   1.6063920e+02   7.4826385e+02   1.0329606e+02
   1.3395502e+01   7.6603186e+02   1.6137424e+02
   3.4983958e+02   7.3167613e+02   1.5408428e+02
   4.7502775e+00   7.3835803e+02   1.0439978e+02
   6.5415623e+01   7.5785532e+02   1.8016946e+02
   2.2992756e+02   7.7798742e+02   1.8431448e+02
   3.4764054e+02   7.7347306e+02   2.5018924e+02
   3.8655015e+02   5.8900618e+02   2.9761551e+02
   2.2564024e+02   7.0093592e+02   3.6535423e+02
   3.4807092e+02   7.1717090e+02   2.8121138e+02
   3.6237882e+02   6.5835046e+02   3.5488486e+02
   1.7887446e+02   5.9956055e+02   2.2152668e+02
   3.4436179e+02   7.7348927e+02   2.1341811e+02
   7.3093892e+01   7.6768757e+02   2.5420699e+02
   1.7763359e+02   6.8694897e+02   3.5427018e+02
   5.6679976e+01   6.5100333e+02   8.1777248e+01
   1.0637902e+01   7.6867925e+02   2.4840504e+02
   3.2156282e+02   6.5601505e+02   3.0067350e+02
   2.0152825e+02   6.6575460e+02   2.3727810e+02
   3.0029791e+02   7.6935364e+02   1.5461447e+01
   2.6878457e+02   6.3569468e+02   1.4939272e+01
   2.8134890e+02   6.4249792e+02   8.6298518e+01
   3.4064013e+02   7.1625788e+02   1.2540506e+02
   1.8453959e+02   6.4992063e+02   3.3702864e+02
   1.6125068e+02   6.8370721e+02   1.3652490e+02
   2.9295836e+02   7.4257034e+02   1.5931728e+02
   1.9106344e+02   6.9530243e+02   2.4331377e+02
   3.9310348e+02   6.5158636e+02   7.2936752e+01
   2.3363093e+02   6.6112510e+02   2.2108932e+02
   1.9507740e+02   6.2591354e+02   1.4811876e+02
   1.0727020e+02   6.6378844e+02   3.2984586e+02
   1.7227489e+02   5.6940694e+02   3.5653546e+01
   3.0439256e+02   5.8583487e+02   6.0069323e+01
   1.0327824e+02   6.2436063e+02   1.2398529e+02
   3.2030696e+02   6.3118498e+02   2.8971500e+02
   1.9607979e+02   7.3517343e+02   3.4102417e+02
   2.2946846e+02   6.9665835e+02   1.6329418e+02
   2.0591596e+02   6.0475104e+02   5.9613212e+01
   2.0851152e+02   6.2797501e+02   1.6777469e+02
   3.6774452e+02   6.8805826e+02   2.9566584e+01
   1.8132560e+02   6.2427409e+02   1.1144935e+02
   1.3955735e+02   6.0891286e+02   3.3802781e+02
   3.9808848e+02   6.8881151e+02   4.5981737e+01
   1.6193985e+02   6.8485696e+02   3.5717740e+02
   2.0522034e+02   7.6983863e+02   2.9363981e+02
   4.5294698e+01   5.4287155e+02   1.7337799e+02
   2.7917702e+02   6.3971218e+02   1.2191124e+01
   9.5057229e+01   6.1499459e+02   3.1693547e+01
   2.9931842e+01   5.6309768e+02   2.3517327e+02
   3.6127777e+02   5.8522569e+02   1.8302617e+02
   2.0396038e+02   6.7644005e+02   4.6900319e+01
   2.7738843e+02   7.6435593e+02   2.8897525e+02
   3.1155518e+02   6.0485870e+02   2.7907013e+02
   3.7965554e+02   6.7464208e+02   7.4353299e+01
   3.4642919e+01   5.6925980e+02   2.6521987e+02
   3.7058398e+02   7.6456793e+02   1.6469218e+02
   2.9975282e+02   6.2603872e+02   4.3096952e+01
   1.7475329e+02   7.4048113e+02   1.6909458e+02
   1.6953789e+02   6.0990408e+02   2.8931107e+02
   4.6404090e+01   7.4155456e+02   2.3200214e+02
   2.9135537e+02   7.7052992e+02   2.6104212e+02
   1.0137542e+02   7.1904279e+02   3.0364437e+02
   2.3343141e+02   7.6827945e+02   3.2739278e+01
   1.5533201e+02   7.3287864e+02   7.7022423e+01
   2.5255343e+02   7.1529190e+02   2.7183509e+02
   3.3472269e+02   5.6130176e+02   1.4779468e+02
   8.0328918e+01   6.6737656e+02   1.0973276e+02
   7.1792289e+01   7.3530941e+02   3.9759175e+02
   2.8233833e+02   6.8115345e+02   9.2632380e+01
   1.2274726e+02   5.9707529e+02   7.8873443e+01
   2.8730099e+02   6.7988396e+02   2.0843180e+02
   1.8756456e+02   6.9449754e+02   3.1480919e+01
   3.1459100e+02   6.5332958e+02   2.9070578e+02
   2.3828578e+02   6.2639715e+02   2.9882365e+02
   2.2543146e+01   5.5304030e+02   1.1254242e+02
   1.3070306e+02   6.7465814e+02   3.4540356e+02
   2.8706870e+02   6.5244713e+02   1.6444807e+02
   1.7645116e+02   6.1186313e+02   7.8987757e+01
   3.1845043e+02   6.6018040e+02   1.2168446e+02
   9.3904178e+01   5.7708848e+02   7.2017986e+00
   1.7238659e+02   6.6958682e+02   1.0144704e+02
   2.3129954e+02   6.2334438e+02   3.8552490e+02
   2.0114907e+02   6.9167853e+02   8.7731160e+01
   3.6902199e+01   5.9345615e+02   3.1523440e+02
   3.5313531e+02   6.6259400e+02   3.1578727e+02
   3.6330422e+02   5.6689815e+02   5.4422306e+00
   9.6779885e+01   7.2928468e+02   2.4379333e+02
   1.8909889e+02   5.8884785e+02   3.1041684e+02
   2.4241409e+02   6.9698550e+02   2.3833481e+02
   1.0172768e+02   5.5431931e+02   7.5876809e+00
   3.1315003e+01   7.0885508e+02   3.1224655e+02
   1.2143862e+02   5.7157341e+02   1.4088792e+02
   3.5466244e+02   5.4258251e+02   3.8256584e+02
   5.8545460e+01   6.5901423e+02   9.7522921e+01
   3.3919569e+02   6.4664130e+02   1.8570189e+02
   4.5124305e+01   6.9726437e+02   1.0502416e+02
   3.7091795e+01   7.3327267e+02   2.8671775e+02
   3.0942032e+01   7.7791588e+02   3.9167353e+02
   6.3369423e+01   5.5023679e+02   2.0727315e+02
   2.6185715e+02   5.7053341e+02   2.3090213e+02
   3.9491614e+02   5.9350582e+02   1.3194688e+02
   2.9692589e+02   7.6387884e+02   4.1761270e+01
   1.9507770e+02   7.1628371e+02   2.8499146e+02
   2.6789783e+02   7.7349220e+02   3.2046236e+02
   3.6884489e+02   5.7050986e+02   2.4063677e+02
   1.6127651e+02   5.9206264e+02   3.6027633e+02
   1.1287804e+02   7.1830820e+02   3.6822569e+02
   3.0425928e+02   6.9235360e+02   2.9729710e+02
   2.7435921e+02   5.7652554e+02   8.4979564e+01
   1.6804636e+02   6.5055597e+02   1.0989177e+01
   2.9193232e+02   7.1830868e+02   1.3597859e+02
   5.0283015e+01   6.2878120e+02   1.4569713e+02
   3.5897100e+02   7.6179285e+02   3.3561521e+02
   4.5027108e+01   6.4070139e+02   3.4185392e+02
   4.6707905e+01   6.8966525e+02   1.2218699e+02
   4.3355743e+01   5.4238217e+02   3.6486032e+02
   1.4570899e+02   5.5210781e+02   8.8191996e+01
   2.5502826e+02   7.7250395e+02   1.0678446e+02
   1.0177093e+02   7.1296048e+02   6.4155881e+01
   2.8608212e+02   7.3864457e+02   9.8825342e+01
   2.3727065e+01   6.3743024e+02   1.2575979e+01
   2.2506219e+02   6.0806521e+02   3.1008991e+02
   1.8303605e+02   6.0571749e+02   3.0526109e+02
   2.0307255e+02   7.5981772e+02   1.6566027e+02
   2.8077978e+02   7.3119545e+02   9.9007002e+01
   1.3300386e+02   6.1772955e+02   2.4500970e+01
   7.8625793e+01   5.7222743e+02   1.1568376e+02
   1.4724518e+02   7.2164451e+02   9.6387355e+01
   1.7467729e+02   7.3437666e+02   3.3872083e+01
   6.1512429e+01   6.8032997e+02   2.2856928e+01
   3.4747533e+01   6.2985567e+02   2.7769747e+02
   1.4624482e+02   5.8247554e+02   4.7729365e+01
   5.9272181e+01   7.0390619e+02   1.7200620e+02
   1.6743151e+02   5.6563165e+02   2.4676340e+02
   3.3668581e+02   7.4690472e+02   9.3173884e+01
   3.9907129e+02   7.7230267e+02   2.8003785e+02
   2.1851711e+02   6.1515984e+02   1.5567620e+02
   3.1136929e+02   5.5664867e+02   2.5004125e+02
   6.4172662e+01   7.7057099e+02   5.2480445e+01
   3.8663430e+02   7.1173900e+02   3.6729108e+02
   3.7980115e+01   5.4805041e+02   9.5901946e+01
   3.1798726e+02   7.4916118e+02   2.4366731e+02
   9.0032611e+01   6.6636592e+02   9.5551737e+01
   2.7544622e+02   5.4705862e+02   3.9475080e+02
   2.0841700e+02   5.7195305e+02   2.5884340e+02
   2.1368805e+02   6.5762365e+02   3.3414738e+02
   1.8012245e+02   5.7526308e+02   1.1054402e+02
   1.0677182e+02   7.4066375e+02   8.1930233e+01
   7.7972252e+01   6.8140516e+02   3.7715007e+01
   1.7138464e+02   6.4872941e+02   1.3530872e+02
   3.5694205e+02   5.5472603e+02   1.1874921e+02
   2.0446105e+02   6.4269582e+02   1.4814448e+02
   1.9314419e+02   6.3685345e+02   3.2147698e+02
   1.3387239e+02   5.7108889e+02   1.5140058e+02
   6.9496030e+00   7.2807731e+02   2.8921388e+01
   4.9532418e+01   7.7913967e+02   1.4161679e+01
   3.8498335e+02   5.6215094e+02   9.1040945e+01
   1.5090490e+02   7.7070767e+02   2.1127275e+02
   7.7083832e+01   5.7443655e+02   1.9231292e+02
   1.9132343e+02   6.8221267e+02   2.8012224e+02
   3.4399417e+02   7.0161049e+02   3.0713342e+02
   2.7763100e+02   7.1488652e+02   1.7216911e+02
   8.5847170e+00   7.2502273e+02   3.2162946e+02
   1.5078972e+02   6.4455081e+02   4.3732017e+01
   2.0489641e+02   6.9190024e+02   1.8009953e+02
   3.1117289e+02   6.2547600e+02   1.6992222e+02
   3.4386608e+02   7.7319149e+02   1.1712734e+01
   1.2898802e+02   6.3641562e+02   3.1426714e+02
   3.1226221e+02   5.9991281e+02   8.4488464e+01
   2.3558817e+02   7.5649233e+02   9.2711431e+01
   3.9969109e+01   5.4067302e+02   1.2595189e+02
   6.6307054e+01   6.9337617e+02   1.0226781e+02
   2.3933178e+02   5.6223892e+02   1.0496662e+02
   2.7571266e+01   7.5778713e+02   2.8538090e+02
   1.2117450e+01   5.5641337e+02   2.5391114e+02
   9.9309829e+01   6.9946551e+02   6.6625959e+00
   3.8863715e+02   6.6308210e+02   2.7743464e+02
   3.2761904e+02   7.1292206e+02   3.8858076e+02
   3.7227062e+02   7.4078895e+02   1.4748555e+02
   2.3385098e+02   6.5767199e+02   2.1354479e+02
   3.0287500e+02   6.3279080e+02   9.3490441e+01
   9.2336902e+01   6.4043915e+02   1.5033796e+02
   1.3533322e+02   6.3708731e+02   1.6424357e+00
   1.0923167e+02   7.7465038e+02   6.4893813e+01
   1.1067888e+02   6.8901693e+02   1.0453071e+02
   1.2287441e+02   7.6206042e+02   3.8660309e+02
   1.5983525e+02   6.6809624e+02   2.9523685e+02
   5.5314508e+01   6.5347030e+02   6.7865730e+00
   9.4616753e+00   6.0175146e+02   2.8939688e+02
   3.6162921e+02   7.1706892e+02   2.9981877e+02
   1.2340917e+02   7.6313018e+02   2.9175517e+02
   5.7996394e+00   6.2634998e+02   2.6255708e+01
   3.0945545e+02   7.1915896e+02   1.6161022e+02
   2.0148852e+02   6.6443430e+02   1.5787995e+02
   1.3590060e+02   5.9636784e+02   1.6486622e+02
   9.6562616e+01   6.1641887e+02   2.4642075e+02
   1.4937049e+02   6.9894136e+02   1.3509834e+02
   3.0943011e+02   5.6653573e+02   1.8479352e+02
   3.7767917e+02   6.8845390e+02   3.5308008e+02
   1.5827566e+02   6.8093945e+02   3.0202812e+02
   3.0415533e+02   6.0597322e+02   3.1663019e+02
   3.3852769e+02   6.2511321e+02   4.7177936e+01
   2.1376545e+02   7.3466713e+02   3.0526520e+02
   1.9623317e+02   5.4649191e+02   3.4133576e+02
   2.9340821e+02   6.3634624e+02   3.3903101e+02
   4.6597073e+01   7.5143540e+02   2.3094770e+02
   3.9043556e+02   6.8885184e+02   1.2411963e+02
   3.9118964e+02   5.5212832e+02   7.6318670e+01
   4.8718874e+01   7.3218549e+02   3.0597327e+02
   3.4406851e+02   5.4440861e+02   2.5516966e+02
   9.4847319e+01   5.9147997e+02   3.1405595e+02
   3.5647754e+02   7.3462863e+02   2.8962159e+02
   2.7617064e+02   6.2726512e+02   2.4852055e+02
   2.3154523e+02   6.1971910e+02   2.6956065e+02
   2.3682349e+02   6.1811154e+02   1.7431923e+02
   2.3606388e+02   7.1364471e+02   1.7839885e+01
   3.9097364e+02   7.7543489e+02   2.2706499e+02
   3.3438844e+02   5.9169215e+02   1.3805596e+02
   2.7229030e+01   6.3081612e+02   1.7270619e+02
   3.4955775e+02   7.7857791e+02   1.7946833e+02
   2.9401864e+02   5.9107775e+02   3.2989450e+02
   3.9907073e+02   6.5972160e+02   1.4628749e+02
   1.4467478e+02   7.6994627e+02   3.5324164e+02
   3.7163807e+02   6.9090510e+02   1.2823750e+02
   3.6851428e+02   6.0593036e+02   2.6142727e+02
   2.9637374e+02   5.7550311e+02   2.7902680e+02
   1.8483556e+02   7.7306014e+02   1.5231979e+02
   3.1687209e+02   6.4232381e+02   3.6313491e+02
   3.6209202e+02   6.1787644e+02   1.1842275e+02
   1.0426777e+02   7.6193809e+02   2.9715395e+02
   3.1514546e+02   5.5177836e+02   2.4314492e+02
   2.2544313e+01   6.0505197e+02   1.2884339e+02
   6.6572312e+00   5.7698054e+02   2.8092335e+02
   2.4721298e+02   6.1414618e+02   6.4778668e+01
   2.8231214e+02   6.1014973e+02   9.6189710e+01
   2.1854251e+02   6.6308314e+02   3.7757638e+02
   3.2792789e+01   7.4989824e+02   1.5917526e+02
   8.4878069e+01   6.6568218e+02   3.4425522e+02
   2.3856719e+02   5.5067193e+02   2.7185179e+02
   6.6257316e+01   5.7664757e+02   3.4625124e+02
   2.6482207e+02   6.8669362e+02   1.7115367e+02
   1.1461840e+02   5.6894539e+02   2.0151574e+02
   2.8641818e+02   5.6945136e+02   3.3092171e+02
   2.8615255e+02   5.6191409e+02   3.1951349e+01
   3.0233257e+02   7.1818472e+02   1.2507852e+02
   3.0209597e+00   6.5255234e+02   2.2022799e+02
   2.3593989e+02   5.5669895e+02   5.6926189e+01
   1.6699150e+02   7.0726069e+02   1.9061048e+02
   3.2765409e+02   7.0523207e+02   3.5521810e+02
   2.7964407e+02   7.3737995e+02   9.4005016e+01
   2.9766853e+02   6.6665117e+02   2.5416934e+02
   8.9807739e+01   6.6135131e+02   3.5418099e+02
   1.8404307e+02   6.8909758e+02   2.0778578e+02
   1.2087083e+02   6.3434807e+02   9.1863959e+00
   1.1105942e+02   7.2762690e+02   7.9555068e+01
   2.7791809e+02   6.4117791e+02   2.3584216e+02
   4.2317996e+00   5.9828113e+02   3.9895863e+02
   3.5794875e+02   5.7383967e+02   2.8044467e+02
   1.6990712e+02   5.7976157e+02   3.3282016e+02
   3.4648173e+02   6.6709091e+02   1.9670495e+02
   9.9978720e+01   7.7683517e+02   1.1868505e+01
   3.7850462e+02   6.6964064e+02   2.1455170e+02
   3.8670273e+02   5.4769880e+02   1.8239230e+01
   2.2644502e+02   6.3342346e+02   3.2729349e+02
   2.1932747e+02   7.6286287e+02   2.9238762e+02
   1.8567662e+02   6.0372902e+02   1.4092849e+02
   3.6407570e+02   6.1146488e+02   1.9164765e+02
   1.7637983e+02   5.4150824e+02   9.0796030e+01
   1.6680647e+02   6.3044161e+02   1.3460725e+02
   1.6704773e+02   6.9529632e+02   2.0799563e+02
   1.7999002e+02   7.4013361e+02   2.7856388e+01
   3.0306116e+02   5.8223701e+02   2.2550190e+02
   1.7820430e+02   6.3106945e+02   2.2953334e+02
   2.7315715e+02   7.1406470e+02   1.3995612e+02
   2.6634709e+02   5.4376012e+02   2.3886704e+02
   1.9621305e+02   5.9594170e+02   1.8989282e+02
   1.3719374e+02   5.7491357e+02   1.8482716e+02
   1.0690976e+02   5.7138188e+02   5.3108207e+01
   2.2472495e+01   5.8953681e+02   2.5136040e+02
   3.9861900e+02   5.9089057e+02   3.8704252e+02
   2.1683838e+00   7.1340183e+02   1.6026827e+02
   3.4475248e+02   5.7732026e+02   2.7243779e+02
   2.6538637e+02   6.5080100e+02   2.6652662e+02
   1.4767716e+02   6.2937087e+02   1.7571709e+02
   1.0505797e+02   7.2745617e+02   3.2643751e+01
   1.5043140e+02   7.0146382e+02   2.8963026e+02
   2.0480051e+02   7.5750408e+02   3.3602024e+02
   1.5536687e+02   6.6305430e+02   2.9329676e+02
   2.3681297e+02   7.7063568e+02   6.3649388e+01
   4.6348339e+01   6.7711031e+02   3.2488664e+02
   2.8224342e+02   6.0577397e+02   1.3856904e+02
   1.6204816e+02   7.0990276e+02   4.9990105e+01
   1.3930515e+02   7.2663167e+02   2.8781908e+02
   1.4327117e+02   7.1116283e+02   4.1570485e+01
   1.3086763e+02   5.4367305e+02   1.7530125e+02
   2.1388426e+02   6.2171010e+02   3.5317538e+02
   3.9107468e+02   7.6408966e+02   2.3468163e+02
   1.1103699e+02   6.1088723e+02   2.9473690e+02
   3.9549161e+02   6.6763713e+02   2.5776727e+02
   3.6320847e+02   7.1534027e+02   2.7705341e+02
   3.2258599e+01   6.8482652e+02   3.4589441e+02
   2.0500977e+02   6.6465173e+02   2.8877963e+02
   1.8480991e+02   7.6453176e+02   5.6944808e+01
   3.4515615e+02   7.0213132e+02   3.7520711e+01
   1.5660687e+02   5.9297680e+02   2.2350265e+02
   1.5494184e+02   7.4080177e+02   3.5876546e+02
   1.7701613e+02   6.2904220e+02   1.6704958e+02
   3.0412438e+02   5.4349240e+02   3.5799712e+02
   2.7973428e+01   7.0613219e+02   3.5339899e+02
   1.3819957e+02   6.0433463e+02   3.8370920e+02
   3.2314982e+02   5.4030068e+02   3.6495795e+02
   2.1208884e+02   6.1263993e+02   1.9284900e+01
   3.8109531e+02   7.1531106e+02   2.7042599e+02
   1.4607580e+02   6.8524171e+02   3.4084151e+02
   1.1143682e+02   6.9477848e+02   1.0518479e+02
   3.2559009e+02   7.2805059e+02   1.2029901e+02
   9.5886473e+01   5.4893730e+02   1.0004600e+02
   1.6344635e+02   7.6759367e+02   3.0341761e+02
   2.9881172e+02   6.2353333e+02   7.6657401e+01
   3.4233302e+02   7.5592584e+02   3.0588946e+02
   1.3017643e+02   7.3522044e+02   2.1755331e+02
   1.2281485e+02   5.8961829e+02   4.4830465e-01
   2.4693610e+02   6.1405021e+02   1.7283550e+02
   2.4298234e+02   7.2080051e+02   2.6448871e+02
   7.1487151e+01   5.7647386e+02   2.8917755e+00
   3.9601346e+02   7.5803676e+02   2.7040055e+02
   2.5326996e+01   5.8938704e+02   6.8152093e+01
   2.4910096e+02   7.3208429e+02   2.9926426e+02
   3.1509136e+02   7.0622875e+02   1.4844082e+02
   2.5049935e+02   6.9823600e+02   2.3873661e+02
   2.9756849e+02   6.5677610e+02   5.3494604e+01
   9.9981083e+01   6.1677260e+02   1.7511051e+02
   9.1799687e+01   7.2266319e+02   1.5862413e+02
   2.4337586e+02   7.2440845e+02   9.3701872e+01
   1.0363932e+02   6.8955466e+02   1.3856563e+02
   2.2842931e+02   7.1064154e+02   1.8220112e+01
   3.5768469e+01   7.7434829e+02   2.7766775e+02
   3.6528041e+02   7.0088435e+02   3.0617067e+02
   1.0827376e+02   5.9261091e+02   1.9298907e+02
   2.5130245e+01   6.4639577e+02   4.8481863e+01
   5.1582597e+01   6.7927388e+02   5.6972252e+01
   2.5429706e+02   7.3954855e+02   2.1506556e+02
   1.2107288e+01   7.2217044e+02   3.1653509e+02
   1.6903282e+02   7.6402234e+02   2.3579610e+02
   2.1361184e+02   7.5198816e+02   3.9421946e+02
   2.6350399e+02   6.0549279e+02   1.3055459e+02
   1.3056535e+02   5.5383359e+02   3.8249858e+02
   2.4114815e+02   7.3989088e+02   2.7649419e+02
   2.0844877e+02   7.7873362e+02   1.1787758e+02
   2.2473507e+02   7.4940264e+02   1.4889179e+02
   2.0209325e+02   6.2962745e+02   2.9411769e+02
   3.8837064e+02   7.2944488e+02   3.8549810e+02
   1.0147593e+02   7.5745972e+02   3.5488619e+02
   3.9775833e+02   7.3536843e+02   2.8189600e+02
   9.1531573e+01   5.7279354e+02   3.2209966e+02
   1.6656419e+02   7.3112390e+02   2.9524171e+02
   3.4385078e+02   6.5756140e+02   3.9530294e+02
   1.2427822e+02   5.4884119e+02   3.9596404e+02
   1.6021203e+02   5.4719556e+02   1.3306025e+02
   1.9108340e+02   7.6565547e+02   3.2598653e+02
   3.6915073e+02   7.2622002e+02   2.9476955e+02
   1.8374757e+02   6.2006903e+02   1.0230120e+02
   1.2623607e+01   7.1365438e+02   2.7867819e+02
   1.1598679e+02   6.4876015e+02   1.3670178e+02
   4.9178061e+01   6.5724428e+02   2.4063063e+01
   3.3504720e+02   7.6944887e+02   7.9681430e+01
   8.8575487e+01   7.1190602e+02   1.9298653e+02
   2.8711428e+02   5.9570896e+02   2.3641260e+01
   2.7900047e+02   6.7149270e+02   2.6384270e+02
   3.8555871e+02   7.6995618e+02   3.8409917e+01
   3.2967011e+02   5.6216950e+02   3.8349831e+02
   1.9495809e+01   5.7847199e+02   2.2614016e+02
   3.0959922e+02   6.0255080e+02   2.8144455e+02
   4.0813917e+01   6.8916316e+02   1.7434260e+02
   8.3358677e+01   5.4545259e+02   1.5204689e+02
   2.2330011e+02   6.5946396e+02   3.3308750e+02
   2.4976814e+01   6.4569523e+02   1.2514441e+02
   1.7805496e+02   7.1181213e+02   3.5304752e+02
   4.5738874e+01   6.5096002e+02   2.3743003e+02
   3.4765587e+02   7.1920647e+02   3.4141682e+02
   3.6918928e+01   7.4250666e+02   4.5940388e+01
   2.8350419e+02   7.0656420e+02   6.1395486e+01
   1.9989722e+02   7.6956460e+02   4.0085703e+01
   4.5411783e+01   5.7652825e+02   3.9154867e+02
   3.5251267e+02   7.0534314e+02   4.2679615e+01
   1.2804583e+02   6.4910050e+02   2.5740524e+02
   7.8916562e+01   5.4854432e+02   2.5894465e+02
   1.5969767e+02   7.7828002e+02   1.3632255e+02
   3.6988395e+02   7.4327513e+02   2.8622016e+02
   1.1539897e+02   7.6020484e+02   3.8880039e+02
   2.7209993e+02   6.9939297e+02   4.3352869e+01
   1.2376854e+02   5.8284183e+02   9.4975906e+01
   3.1523119e+02   7.7772560e+02   2.9636853e+02
   5.7323446e+01   5.7886470e+02   2.4793377e+02
   8.6641570e+01   7.3090409e+02   6.6555122e+01
   8.5700880e+01   5.8498864e+02   3.7071561e+02
   3.7773026e+02   5.8333422e+02   2.3280508e+02
   2.2731065e+02   6.8122828e+02   3.8496559e+01
   2.8240695e+02   6.7007786e+02   1.8869937e+02
   4.0639947e+01   6.3333296e+02   2.5525688e+02
   1.8029339e+02   5.5483372e+02   2.1915674e+02
   2.2516665e+02   5.8227766e+02   4.4854731e-01
   2.7559568e+02   5.9523605e+02   3.1017383e+02
   1.0092711e+02   5.8033416e+02   3.8187131e+01
   2.3193601e+02   7.3025645e+02   1.5684316e+02
   3.6084554e+02   5.6557367e+02   8.3229260e+01
   1.7920419e+02   6.7435518e+02   2.7861034e+02
   3.2397665e+02   7.6381284e+02   2.9154140e+02
   8.8026076e+00   7.4418738e+02   1.6076139e+02
   2.9118002e+02   6.6207164e+02   2.5971598e+02
   4.4083483e+01   7.5640673e+02   3.9376066e+02
   2.4200543e+02   6.9723315e+02   3.3416965e+02
   1.5261256e+02   7.3068637e+02   2.5337083e+02
   8.2037491e+01   7.7074412e+02   1.2794953e+02
   3.3564796e+02   7.3555365e+02   3.4929048e+02
   3.4205972e+02   7.0215090e+02   1.4029855e+01
   1.4046609e+02   6.0473283e+02   6.3428709e+01
   3.5316573e+02   7.7997949e+02   3.4521297e+02
   3.7496997e+02   6.7249672e+02   2.7363288e+02
   1.0215893e+02   5.6792216e+02   4.4157313e+01
   2.7549854e+02   5.6399508e+02   3.8767501e+02
   1.2968894e+02   7.1772876e+02   2.2118300e+02
   2.0901764e+02   5.8144543e+02   1.2016287e+01
   1.0287386e+02   5.4321609e+02   2.5580413e+02
   2.2823867e+02   7.0157310e+02   2.7449461e+02
   2.6484408e+01   7.1792603e+02   2.1384890e+02
   3.2430968e+02   5.5110270e+02   8.4925382e+01
   1.8066368e+02   6.6444124e+02   1.6125870e+02
   3.0197389e+02   7.6040162e+02   1.2095858e+02
   3.7625199e+02   7.7609914e+02   3.5790067e+01
   2.3851712e+02   5.6397079e+02   1.2949199e+02
   3.5240844e+02   7.5603200e+02   1.7735128e+02
   9.4028718e+01   6.3772651e+02   1.6290887e+02
   2.8009282e+02   7.4830270e+02   1.1924787e+02
   4.5858670e+01   7.1627599e+02   1.0676365e+02
   2.0819877e+02   7.0472785e+02   2.7139452e+02
   1.5867049e+02   6.3936906e+02   1.4792399e+02
   6.3777477e+01   6.3120625e+02   3.8488844e+02
   1.0377261e+02   7.3484162e+02   1.8463300e+02
   3.6011582e+02   7.6553945e+02   3.7359141e+02
   4.5372802e+01   5.8320004e+02   7.6204683e+01
   2.7844892e+01   7.0395364e+02   3.5662792e+02
   2.7482147e+02   6.7037713e+02   2.3608660e+02
   3.1339590e+02   5.4117968e+02   2.9471875e+01
   3.9477186e+02   6.7660463e+02   4.2629678e+00
   2.5448135e+02   7.7118737e+02   4.5952949e+01
   9.4587934e+01   6.9217744e+02   3.4089442e+02
   3.1761638e+02   6.5406760e+02   1.4458865e+02
   2.2213913e+02   6.3545123e+02   3.0666142e+02
   1.7215513e+02   6.7214374e+02   2.2925703e+02
   4.1371369e+01   5.5331429e+02   2.7631477e+02
   3.3051890e+02   6.7295708e+02   1.1071677e+02
   1.7626934e+02   7.5667515e+02   3.8804080e+02
   2.8982920e+02   7.5099916e+02   1.6016131e+02
   1.1519720e+02   5.6704215e+02   1.5764856e+02
   1.2330107e+02   7.7823413e+02   2.2001320e+02
   1.4312905e+02   6.5073844e+02   1.8625188e+02
   2.3883281e+02   6.6345313e+02   2.2388439e+02
   1.6399051e+02   7.4547521e+02   2.6327595e+02
   2.8513242e+02   7.7457433e+02   6.0774912e+01
   1.0233499e+02   7.5560982e+02   3.5635478e+02
   3.9935220e+02   6.0017173e+02   3.0753436e+02
   1.7968905e+02   7.4378455e+02   3.8769067e+02
   2.0426308e+02   7.4310344e+02   3.0626461e+02
   1.0771883e+02   7.4326990e+02   3.7325611e+02
   6.5752783e+01   6.8255942e+02   3.1887084e+02
   3.4152355e+02   5.5941897e+02   2.7739580e+02
   9.0607459e+01   5.9750357e+02   2.3956789e+02
   1.0509519e+02   5.7689002e+02   3.3157950e+02
   3.4923746e+02   5.4131913e+02   9.3167974e+01
   7.9768184e+01   7.7360101e+02   1.7819423e+02
   3.5268690e+02   6.7228140e+02   1.0547668e+02
   3.3971049e+02   6.0834344e+02   3.0656519e+02
   3.6103352e+02   7.4047664e+02   2.3616374e+02
   2.4454445e+02   6.4919667e+02   2.4669158e+02
   8.8952834e+01   7.3095253e+02   2.9373403e+02
   3.7046029e+02   6.3759369e+02   3.6603950e+01
   1.9174570e+02   7.1801250e+02   2.1362918e+02
   2.5180152e+02   5.4249276e+02   3.2337024e+02
   8.7998413e+01   6.7925507e+02   2.6554385e+02
   3.4075368e+02   6.3172799e+02   5.9073973e+01
   1.8823193e+02   7.4297701e+02   1.1704552e+02
   2.3416357e+02   7.4456979e+02   5.9033996e+01
   8.7008381e+01   6.8423207e+02   6.7562080e+01
   1.7479561e+02   5.4642914e+02   3.1615966e+02
   2.7858920e+02   6.2764364e+02   3.1523970e+02
   1.8405915e+02   6.0959549e+02   2.9638996e+02
   3.4285229e+02   5.9409864e+02   3.1537057e+01
   1.6360470e+02   7.0760783e+02   3.1501797e+01
   3.9699240e+02   5.6435505e+02   5.2048234e+01
   3.2664553e+02   5.6490646e+02   1.7831735e+02
   6.0738445e+01   6.8197268e+02   3.0146333e+02
   6.6793443e+01   7.6436361e+02   3.5525022e+02
   1.8222738e+02   6.4513361e+02   1.0316510e+02
   9.5999462e+01   7.0620381e+02   3.7443797e+02
   3.4440912e+02   6.9318496e+02   3.5121046e+02
   1.0217477e+01   6.0559637e+02   3.0146672e+01
   1.1878583e+02   6.2269908e+02   2.9156035e+02
   7.3297928e+01   6.4091711e+02   4.5703750e+01
   1.9497621e+02   7.2415022e+02   3.7579022e+02
   1.2203558e+02   5.7843490e+02   1.0164987e+01
   2.6323886e+01   6.5238037e+02   9.3755960e+01
   1.4399312e+00   6.8017881e+02   4.6779825e+01
   1.1172461e+02   6.7360688e+02   2.2258824e+02
   7.5932150e+01   5.7848255e+02   2.1332544e+02
   1.6686943e+02   5.7695660e+02   5.6702786e+01
   2.6100698e+02   6.6732423e+02   2.8752441e+02
   1.7419879e+02   6.7953206e+02   2.4022431e+02
   2.3814873e+02   7.4659150e+02   7.0390118e+00
   2.1878933e+02   6.8088128e+02   1.3945337e+02
   2.2866779e+02   6.2556344e+02   2.4891488e+02
   6.6504071e+00   6.2138210e+02   2.1117486e+02
   1.2143599e+02   7.0408996e+02   2.5461867e+02
   3.8564072e+02   6.5023851e+02   3.3878627e+01
   3.7549524e+02   6.8269861e+02   2.3049928e+02
   3.7726146e+02   7.2944205e+02   1.7792540e+02
   3.5844212e+02   6.9507966e+02   3.6763628e+02
   3.5133642e+02   6.0591594e+02   2.8796923e+02
   1.1822673e+02   5.6688078e+02   2.7843195e+02
   2.1451428e+01   7.3250040e+02   2.6031236e+02
   1.2670079e+02   6.8495325e+02   2.0450070e+02
   2.4523826e+02   6.9562401e+02   7.9464508e+00
   3.3821081e+02   6.1024102e+02   3.9217213e+02
   1.2531305e+02   6.4102925e+02   5.6591814e+01
   2.1570544e+02   7.4119296e+02   1.8107046e+02
   8.7857057e+01   5.5362328e+02   1.7800835e+02
   3.4144388e+01   6.1821182e+02   2.6718458e+02
   1.6954540e+02   6.9124207e+02   2.7902188e+02
   1.4611046e+02   5.5413977e+02   1.8351211e+02
   2.6152642e+02   6.9145891e+02   2.1665528e+02
   2.3648558e+02   7.2297050e+02   1.2053743e+02
   2.5179379e+02   6.6089614e+02   1.6593275e+02
   3.0648349e+02   5.8153013e+02   1.5731843e+02
   3.5238738e+02   7.3121229e+02   1.6375656e+02
   1.4985334e+02   7.3120833e+02   2.4098306e+02
   8.5664075e+01   6.0755127e+02   2.7875651e+01
   1.0578165e+02   6.4795203e+02   5.8396983e+01
   4.1980575e+01   5.4357313e+02   3.4315877e+02
   3.8431333e+02   6.8927980e+02   7.6172221e+01
   7.8221065e+01   6.2326886e+02   2.8070784e+02
   9.9379206e+01   6.4706239e+02   1.1582492e+02
   1.1044904e+02   6.4932050e+02   2.0019604e+02
   6.9945297e+01   7.7149734e+02   3.6061120e+02
   3.4965679e+02   5.8155513e+02   2.2685047e+02
   2.9040621e+02   5.8259671e+02   3.0927503e+02
   1.9551556e+02   6.7995196e+02   2.4340945e+02
   6.0886550e+01   7.1744494e+02   2.9783805e+01
   3.9544072e+02   5.4402783e+02   3.1058076e+02
   4.9481950e+01   6.5284879e+02   1.8479080e+02
   4.1141201e+01   6.8179969e+02   2.0598756e+02
   2.5663400e+02   7.4862118e+02   1.2967087e+01
   2.4762217e+02   7.6074525e+02   3.1130849e+01
   2.3860838e+02   5.7472407e+02   1.8311989e+02
   2.6422821e+02   7.4693306e+02   2.4630879e+02
   2.7938478e+02   7.6760374e+02   6.4420827e+01
   2.8184365e+02   5.6784448e+02   1.5669694e+02
   2.8265392e+01   7.2461432e+02   2.9872169e+02
   6.3812247e+01   5.4163952e+02   6.6705940e+01
   3.7111872e+02   7.4258253e+02   3.0886957e+02
   2.7479643e+02   7.6700536e+02   2.6802488e+02
   2.5180496e+02   6.0020222e+02   3.8310570e+01
   2.2828338e+02   6.0539436e+02   2.5645662e+02
   3.5364508e+02   6.6614998e+02   2.3248666e+02
   2.3300772e+02   6.8416608e+02   1.0029965e+02
   3.4385361e+02   5.4639896e+02   2.8442397e+02
   2.1422074e+01   5.7835644e+02   3.1394345e+02
   1.7307969e+02   6.7695316e+02   6.5815300e+01
   2.3513277e+02   6.1033081e+02   1.0489871e+02
   1.6075857e+02   5.6292402e+02   2.2231647e+02
   3.3213930e+02   5.9376456e+02   1.4881401e+01
   2.5417372e+02   5.5410125e+02   3.3553261e+02
   1.1092127e+02   6.2593177e+02   2.9786694e+02
   2.6929563e+02   6.3264306e+02   3.4700621e+02
   3.7875919e+02   7.2401625e+02   1.1157081e+02
   1.5427354e+02   6.1506413e+02   2.9922813e+02
   8.6098754e+01   6.7558774e+02   3.7446378e+02
   1.7980316e+02   6.5967889e+02   5.0290625e+01
   1.2849844e+02   7.5699617e+02   3.3316516e+02
   1.3422136e+02   6.7910092e+02   2.4863628e+02
   3.4172678e+02   5.8946113e+02   3.9589068e+02
   3.4932677e+02   6.6563204e+02   2.6683329e+02
   2.3520647e+02   6.0701300e+02   2.7001780e+02
   2.5651211e+02   6.1546088e+02   3.6359592e+02
   3.9076608e+02   6.4957485e+02   1.2276024e+02
   2.7814206e+01   7.0950789e+02   3.2443573e+01
   3.7440017e+02   7.0522420e+02   3.0711285e+02
   8.8709231e+01   6.2184431e+02   3.3723864e+01
   1.3688293e+02   7.4519933e+02   6.9723821e+01
   2.0080633e+02   7.7134430e+02   1.0801778e+02
   1.7213487e+01   6.1356006e+02   3.2464799e+02
   2.7544825e+02   7.2432716e+02   1.8896415e+02
   3.4517076e+02   7.6702058e+02   2.9560753e+02
   1.6102633e+01   7.7204257e+02   7.8777380e+00
   2.0333877e+01   7.4565351e+02   1.1767656e+02
   6.9425281e+01   7.7787911e+02   1.1364074e+02
   1.9692781e+02   6.2010898e+02   1.0794807e+02
   2.9057493e+02   6.0024071e+02   2.4052661e+02
   3.3404367e+02   7.4001390e+02   2.0295536e+02
   2.0555514e+02   6.2028964e+02   2.2535909e+02
   2.1481045e+02   6.6877916e+02   8.4934966e+01
   1.0810511e+01   5.5002374e+02   2.6631035e+02
   4.3704931e+01   7.0469452e+02   2.6139130e+02
   9.0393753e+01   6.8781639e+02   1.0518224e+02
   6.6395940e+01   6.4164595e+02   2.3092564e+02
   6.6779286e+01   7.4350143e+02   2.8198819e+02
   3.5297716e+02   7.2966378e+02   4.1416814e+01
   1.8056247e+02   6.9801280e+02   1.1580585e+02
   3.3959868e+01   6.7842737e+02   2.8314135e+02
   2.1212871e+02   7.2803840e+02   1.5081351e+02
   1.3499155e+02   5.7292151e+02   1.7891929e+02
   1.0958370e+02   7.1568236e+02   3.2397806e+02
   3.4120812e+01   5.5094577e+02   3.9602933e+01
   5.5892747e+01   6.5873334e+02   2.6333129e+02
   1.5335773e+01   6.2085993e+02   1.4007873e+02
   5.2353258e+01   5.6347759e+02   1.2945557e+02
   3.6668856e+02   7.1998506e+02   2.5279946e+02
   1.9276577e+02   6.5818001e+02   3.7210181e+02
   2.0280974e+02   7.1611982e+02   2.8329196e+02
   2.6120286e+02   6.6733843e+02   7.2387915e+01
   2.8214836e+02   6.8047061e+02   2.3832176e+01
   3.8085256e+02   5.4370139e+02   6.2260530e+01
   7.5983721e+00   6.6660325e+02   1.1372173e+02
   2.7071021e+02   5.8446700e+02   4.6066165e+01
   4.4882966e+01   6.9075076e+02   2.7992810e+02
   3.8606855e+02   7.3809237e+02   3.9494405e+02
   2.6182785e+02   5.5383798e+02   3.6053119e+02
   6.8993356e+01   7.0733869e+02   8.8617589e+01
   2.6602099e+01   7.7468156e+02   3.3461991e+01
   2.2890150e+02   7.6195617e+02   1.2291135e+02
   3.7515708e+02   7.0007377e+02   5.3477660e+01
   2.9500996e+02   6.8789996e+02   3.7561441e+02
   1.3210653e+02   7.2912347e+02   3.5354991e+01
   8.8133096e+01   7.7552393e+02   1.3373006e+02
   1.3669564e+02   7.6131103e+02   2.5086298e+02
   3.4467261e+02   6.5397815e+02   1.7452039e+02
   6.1082485e+01   7.4204204e+02   1.8539455e+02
   3.9280363e+02   6.9170263e+02   1.0400382e+02
   3.5109913e+02   6.4200615e+02   7.1588206e+00
   2.1127196e+02   6.3513948e+02   2.9994706e+01
   1.0601034e+02   7.3176754e+02   5.8261015e+01
   7.8313809e+01   5.9202880e+02   3.6863660e+02
   8.6747032e+01   7.0052364e+02   8.1717743e+01
   2.7242461e+02   6.8430192e+02   6.0993044e+01
   3.1908564e+02   6.0580793e+02   4.0790878e+01
   3.7498182e+02   7.3212385e+02   9.2033397e+01
   1.7773352e+02   6.5713571e+02   2.3403378e+02
   1.4034705e+02   7.0927693e+02   3.8376161e+01
   3.8011848e+02   7.5427971e+02   2.7596522e+02
   1.2520974e+02   6.8040370e+02   2.6572108e+02
   3.6134255e+02   5.7746989e+02   9.6729140e+01
   2.8788548e+02   6.1831414e+02   1.7462416e+02
   3.6667525e+02   6.2926602e+02   4.3308188e+01
   2.7776893e+02   5.4793936e+02   3.1286747e+01
   1.0370289e+02   6.6825538e+02   1.4701823e+02
   1.4463745e+02   5.8105610e+02   3.3603437e+02
   1.6709524e+02   6.5521439e+02   1.1576370e+02
   1.2181446e+02   6.1699825e+02   2.3313147e+02
   3.3532462e+01   6.2855568e+02   1.3222952e+02
   1.0157708e+02   6.7426860e+02   2.1851243e+02
   9.9658811e+01   7.0356575e+02   1.9528596e+02
   2.8925907e+02   6.8545721e+02   6.1122421e+01
   3.7685977e+02   7.5165360e+02   2.6259261e+02
   7.2933498e+01   6.6316715e+02   3.4384088e+02
   1.4671816e+02   7.7281354e+02   3.8670125e+02
   2.7664850e+02   3.3800254e+02   1.0683500e+02
   1.7641925e+01   3.8082979e+02   1.5454786e+02
   3.7308311e+02   4.6373525e+02   1.0783427e+02
   1.1827145e+02   1.7520607e+02   3.9942608e+02
   8.1068248e+01   4.5467627e+02   6.8459560e+01
   2.5248911e+02   4.7119125e+02   3.5839916e+02
   3.8099519e+02   3.8538081e+02   3.7482804e+02
   3.5931633e+02   8.5170024e+01   3.2375204e+02
   3.0900175e+02   3.7292813e+02   3.3575711e+02
   9.7150453e+01   1.7748407e+01   2.3922703e+02
   3.6569670e+02   5.3290680e+02   2.1810781e+02
   4.5818029e+01   4.1785048e+02   1.5440957e+02
   2.1745720e+02   1.9026751e+02   6.4682412e+01
   3.3354702e+02   4.0390010e+02   2.3594538e+02
   1.8706290e+02   3.0103314e+02   1.6798303e+02
   4.8873912e+01   4.1408109e+01   1.7906590e+02
   5.6658782e+01   5.1247855e+02   3.7479196e+01
   1.4364806e+02   5.2350933e+02   2.0941584e+02
   1.8415682e+02   2.6363261e+02   2.7176798e+02
   1.1789871e+02   3.7875455e+02   3.2412538e+02
   7.1537597e+01   3.9732370e+02   2.9183993e+02
   6.6339333e+00   4.1170669e+02   3.4416560e+02
   3.5698314e+02   5.0432949e+02   1.6553445e+02
   1.2956636e+02   1.0665475e+02   2.2185187e+02
   3.8681207e+01   5.7619967e+01   1.9138529e+02
   1.9969856e+02   3.4946615e+02   2.6506841e+02
   3.4498377e+02   2.6469591e+02   3.5026098e+02
   1.9876262e+02   4.9136246e+02   3.1674460e+01
   2.5622572e+01   4.4202693e+02   2.8659171e+02
   3.7360819e+02   4.1663365e+02   2.9042646e+02
   2.8727008e+01   3.5568580e+02   3.2435081e+01
   3.0772877e+02   4.4719787e+02   1.5929193e+02
   7.2757629e+01   4.8054404e+02   2.0466582e+02
   8.6146345e+00   1.4258396e+02   1.1039626e+02
   2.4299900e+02   4.0691737e+02   1.2769623e+02
   2.3296493e+02   5.2676796e+02   1.4660090e+02
   2.0925419e+02   3.5856515e+02   3.2783986e+02
   1.1441999e+02   3.8161911e+02   1.7521985e+02
   3.5697726e+02   5.0346428e+02   2.1053181e+02
   3.8212059e+02   2.3882287e+02   3.5615455e+02
   2.9099647e+02   3.6234324e+02   1.6603509e+02
   2.7293648e+02   5.2522340e+02   1.4695287e+01
   5.7331197e+01   7.7151615e+01   3.4610245e+02
   3.8454190e+02   4.2798706e+01   2.7604614e+02
   2.3462912e+02   5.1219277e+02   1.6724032e+02
   3.6978237e+02   4.5775489e+02   3.0844097e+02
   3.8277799e+02   1.9454395e+01   2.1076112e+02
   3.0349304e+02   1.9804206e+02   1.9084856e+02
   1.5395165e+02   7.0919177e+01   1.6550214e+02
   2.0161537e+02   3.7681403e+02   3.0995957e+02
   1.1568919e+02   1.0895611e+02   1.1505077e+02
   5.3497749e+01   3.2947116e+02   1.8049943e+02
   2.7710168e+02   3.1931808e+02   1.2322196e+02
   9.0801725e+01   3.9466664e+02   1.5979932e+02
   1.4208504e+02   2.7286545e+02   1.8306948e+02
   1.2496025e+02   2.3258470e+02   1.0166452e+02
   1.0827207e+01   2.5794969e+02   2.6955894e+02
   1.5804077e+02   4.3815867e+02   1.2871389e+02
   1.1568234e+02   3.8761824e+02   1.0881166e+02
   1.9956098e+02   1.6720247e+02   1.9704204e+02
   1.0335572e+02   4.3248029e+02   6.5171091e+01
   1.4635038e+02   4.6982313e+02   3.9343793e+02
   3.5715950e+02   4.3907094e+02   2.6592515e+02
   1.1967734e+02   5.1419460e+02   3.7574814e+01
   2.7876830e+02   3.4764272e+02   2.6949419e+02
   2.0147188e+02   3.6037545e+02   2.1973157e+02
   2.1567803e+02   2.0249851e+02   1.9507068e+02
   2.9331338e+02   1.5166803e+01   2.0988764e+02
   3.3507158e+02   4.6105333e+02   1.8939209e+02
   2.3191202e+02   1.2276417e+02   5.1460504e+01
   2.4386535e+02   3.1229173e+02   1.0891868e+02
   6.8882774e+01   4.5921166e+02   1.5765487e+02
   3.0216147e+02   5.0150383e+02   2.3455393e+02
   6.1843304e+01   9.0814520e+01   1.4217899e+02
   2.4919422e+02   9.3655733e+01   7.4048317e+01
   7.5567110e+01   1.4391597e+02   3.9487842e+02
   3.7516867e+02   1.9836939e+02   3.7613574e+01
   1.2190251e+02   1.4093090e+02   1.5936990e+02
   1.6050487e+02   1.2209457e+02   6.7270548e+01
   2.5414210e+01   4.3837684e+02   2.4413931e+02
   8.0962971e+01   4.2290579e+02   1.7644515e+02
   2.0165814e+01   4.9996104e+02   1.7985080e+02
   2.5992740e+02   4.0499075e+02   2.4650153e+02
   1.0019260e+02   4.9604885e+02   2.9401466e+02
   1.8836227e+02   1.9358038e+02   9.0361274e+01
   8.2319756e+01   3.1405806e+02   3.4073119e+02
   2.0143317e+02   3.6611188e+02   8.8034112e+01
   4.7150728e+01   2.0484306e+02   2.6561778e+02
   2.9815522e+02   5.2732989e+02   2.2903124e+02
   3.8786588e+02   1.2709475e+02   2.9170296e+02
   1.8869729e+02   5.3607322e+02   3.5512903e+02
   1.4821040e+02   5.8475549e+01   2.6032630e+02
   1.4465977e+02   3.8656046e+02   2.2951918e+02
   2.8070556e+02   3.3215629e+02   8.3217558e+01
   2.0800103e+01   1.5794378e+02   1.1795438e+02
   2.2484554e+02   1.7855769e+02   1.3257388e+02
   2.9739592e+02   4.9393177e+02   1.2239132e+02
   1.8832991e+00   9.7988267e+01   2.7100018e+02
   1.8440206e+02   3.2897135e+02   3.1573996e+02
   1.1990901e+02   4.9162417e+02   2.1235695e+02
   3.1608265e+02   7.3218812e+01   8.6031595e+01
   5.8406595e+01   6.8995128e+01   8.1595166e-01
   3.5918127e+02   1.7586046e+02   9.3987871e+01
   9.3566694e+01   3.4131874e+02   8.5533918e+01
   2.5267295e+02   7.8909787e+01   2.6630501e+02
   1.0976536e+02   1.9486506e+01   1.1007013e+02
   1.8193784e+02   4.7601788e+02   3.3398580e+02
   3.6959528e+02   1.2305979e+01   2.4009839e+02
   3.7958723e+02   3.6385970e+02   3.5853075e+02
   6.8288447e+01   8.4063125e+01   3.1454080e+02
   5.1231993e+01   3.9013127e+02   1.4349419e+02
   3.0824946e+02   1.6508567e+02   1.2558909e+02
   1.9774170e+02   4.2408319e+02   1.4482350e+02
   1.7438107e+01   7.1165850e+01   6.0782790e+01
   2.0833034e+02   1.2413730e+02   2.2413532e+02
   2.8085322e+02   1.0531674e+02   2.4002474e+02
   1.2342604e+02   2.6322800e+02   2.7476676e+02
   2.4489263e+02   2.3957424e+02   6.7127400e+00
   2.5301025e+02   3.2194035e+02   1.4577903e+02
   3.5474174e+02   4.5342752e+02   3.4804256e+01
   3.5262243e+02   2.0977301e+02   2.6676790e+02
   7.8170973e+01   4.3231870e+02   1.1051290e+02
   3.9689968e+02   4.7379396e+02   3.0721589e+02
   2.5855066e+02   3.0135897e+02   3.7408996e+02
   2.8499792e+02   9.9461834e+01   2.7453932e+02
   3.2630513e+02   3.3938633e+02   1.9109769e+02
   6.6570628e+01   4.2297615e+02   6.9077436e+01
   1.6299450e+02   1.1226990e+02   5.6147152e+01
   6.7046587e+00   1.9562061e+02   1.5950837e+02
   3.3678093e+02   3.4868595e+02   2.6392264e+02
   1.9013217e+02   3.0630372e+02   6.4930370e+01
   6.5981722e+01   3.3808104e+02   3.3472589e+01
   3.3452523e+01   4.6262585e+02   1.9025023e+02
   3.2468126e+02   3.3040837e+02   3.1649960e+02
   3.4361253e+02   3.5805958e+02   1.5710353e+02
   1.8995365e+02   3.0202237e+01   7.0465842e+01
   1.1377186e+02   1.1359484e+02   3.4591032e+02
   2.0276496e+02   1.4068991e+02   3.0260022e+02
   9.7071082e+00   1.7531689e+02   1.3695214e+02
   3.9610333e+02   3.9411633e+02   3.0084945e+02
   2.0519314e+02   2.8809207e+02   1.3762031e+02
   2.2836660e+02   6.6806502e+01   2.7019836e+02
   2.8136244e+00   4.0196507e+01   2.5470521e+02
   2.5138064e+01   5.0322972e+02   8.7654896e+01
   3.8307437e+02   3.4845049e+02   1.0480844e+02
   3.6549556e+02   5.2533037e+02   2.1966788e+02
   3.2047294e+02   1.0406972e+02   1.4684366e+02
   1.3191352e+02   2.7948122e+02   2.8051058e+02
   1.6149983e+02   4.4605536e+02   1.3548399e+02
   3.6329638e+00   3.0416227e+01   2.3046764e+01
   1.1038750e+00   2.9929335e+02   2.5143082e+02
   2.4168176e+02   5.2955534e+02   8.4801285e+01
   3.6863001e+02   4.8224753e+02   1.2437383e+02
   2.1410494e+02   4.9825889e+02   2.8422329e+02
   2.6660973e+02   3.7301560e+02   1.3195653e+02
   2.7644037e+02   3.2888386e+02   3.9070622e+02
   1.3633846e+01   4.8442418e+02   2.5259568e+02
   2.7957294e+02   1.4925110e+02   3.4718059e+02
   2.4577036e+02   3.0738667e+02   7.8190679e+01
   2.9393082e+02   4.5366804e+02   1.0581090e+02
   1.5752262e+02   2.0603503e+02   3.2264435e+02
   2.7323308e+02   2.5859589e+02   6.6442531e+01
   2.4659579e+02   2.7416508e+02   2.0808785e+02
   2.5005078e+02   4.4727999e+02   3.1072656e+02
   1.9820079e+02   4.8279431e+02   1.2909544e+02
   4.3386272e+00   4.5809619e+02   3.1389334e+02
   1.5030485e+01   1.1030136e+02   9.0325761e+01
   2.6422336e+02   5.9361773e-01   3.1375504e+02
   3.5981409e+02   4.6248002e+02   2.2480008e+02
   2.8776128e+02   3.5322013e+02   2.5104702e+02
   2.4443743e+02   4.7809113e+02   1.1553095e+02
   5.0722978e+01   1.7648151e+02   1.9988694e+02
   2.4259665e+01   3.3978554e+02   9.4183267e+01
   2.7038296e+02   3.5334139e+02   1.3047726e+02
   1.1966017e+02   2.8710061e+02   2.4072187e+02
   4.2510841e+01   4.8821329e+02   2.4738360e+02
   1.2121983e+02   3.5668861e+02   5.7414413e+00
   1.5316057e+02   4.0945262e+02   1.1494687e+02
   6.6013511e+01   3.8044756e+02   3.8361147e+02
   6.4552555e+01   4.9835450e+01   3.2748944e+00
   2.3514920e+02   4.7418833e+02   2.7569343e+02
   2.2394413e+02   1.0705105e+02   3.0764472e+02
   3.6697189e+02   3.0494484e+02   8.9813808e+01
   1.2690364e+02   2.2416347e+02   2.0846232e+02
   2.2739672e+02   4.2050314e+02   1.5347839e+02
   3.1706401e+02   5.2934716e+02   1.9069909e+02
   3.3325426e+02   4.4319543e+01   1.9158899e+02
   1.2673129e+02   1.7889790e+02   2.7147798e+02
   1.9689274e+01   1.7447986e+02   3.6970959e+02
   2.9714978e+02   4.1075203e+02   1.8023700e+02
   2.8979917e+02   4.6824772e+02   2.5422333e+02
   1.6819173e+02   1.9320222e+02   1.4007083e+02
   3.3436128e+02   2.1455781e+02   2.3832296e+02
   2.3417912e+02   5.2389775e+02   2.0387527e+02
   3.1152155e+02   5.1832923e+02   1.7389630e+02
   3.0895416e+02   4.4223756e+02   1.3721259e+02
   5.7741943e+01   2.8283370e+02   1.9657197e+02
   3.4890835e+02   3.6995056e+02   3.3632288e+02
   2.7105816e+02   6.7273782e+01   1.7964401e+02
   2.8892379e+02   1.0836619e+02   1.7722556e+02
   1.1545440e+02   2.5076851e+02   2.4380283e+02
   3.3120127e+01   4.2246163e+02   2.1281936e+02
   5.0756500e+01   3.5333783e+02   2.5279488e+02
   3.0862721e+02   4.2418683e+02   3.2487161e+02
   1.6525281e+02   5.2958279e+02   3.7394785e+02
   1.3389149e+02   4.6506543e+02   3.0508013e+01
   9.5350527e+01   3.6901519e+02   1.9824061e+02
   3.3307117e+02   9.4556445e+01   1.0992112e+02
   2.7432945e+02   3.7179960e+02   3.9970338e+02
   2.4633589e+02   5.2988671e+02   1.3076891e+02
   3.5415205e+02   8.0049537e+01   1.1247709e+02
   1.8826289e+02   1.3603895e+02   1.2379983e+02
   8.9237788e+01   4.7757474e+02   2.6654267e+02
   1.3265965e+02   3.2319342e+02   2.7479483e+02
   2.3338546e+02   2.9595276e+02   1.7851198e+02
   2.6616216e+02   4.5370535e+02   3.4179845e+02
   1.1917742e+02   5.0699624e+02   1.1201617e+02
   8.9707647e+01   3.7370353e+02   2.3618905e+02
   1.5754438e+02   1.0943671e+02   1.7224341e+01
   2.2982557e+02   3.4398352e+02   2.8419012e+02
   1.5437745e+02   5.0722463e+02   2.3140747e+02
   3.8813049e+02   3.3425312e+02   2.4972082e+02
   2.4604174e+02   1.3144608e+02   3.8072675e+02
   3.2867734e+02   1.8456599e+02   3.0564651e+02
   9.2336361e+01   4.0318540e+02   2.5561854e+02
   1.2835026e+02   1.6706998e+02   9.5386327e+01
   1.0347923e+02   2.4024392e+02   2.4957182e+02
   2.1664500e+02   6.5216858e+01   6.2178762e+01
   3.2624876e+02   1.3343938e+02   2.5072971e+02
   5.6417050e+01   1.1492403e+02   2.5413985e+02
   2.3313309e+02   3.1405374e+02   7.3485444e+01
   6.8045122e+01   2.1067941e+02   1.4033319e+02
   3.3702334e+02   4.5767517e+02   2.0989104e+01
   3.7329815e+02   1.8950224e+02   9.5176005e+01
   2.7616945e+02   5.3828771e+02   9.5323931e+01
   6.3241095e+01   2.3132119e+02   1.7675015e+02
   8.1807486e+01   5.0376215e+02   1.5465497e+02
   3.4352908e+02   3.8748604e+02   7.0997564e+01
   7.8300804e+01   2.1151504e+02   2.2416301e+02
   2.9856545e+02   4.4024683e+02   8.6766312e+01
   2.4358248e+02   4.6429593e+02   2.2661241e+02
   1.8345371e+02   3.4296289e+02   1.9078203e+02
   2.1990211e+02   2.2790905e+02   1.7594546e+02
   2.3379535e+02   3.4415267e+02   3.4413805e+02
   3.8166283e+02   4.8524692e+02   2.2329643e+02
   2.2139114e+02   4.2666335e+02   1.5577938e+02
   2.0580875e+02   4.8035781e+02   1.7438409e+02
   2.6498668e+02   1.4370665e+02   1.9440956e+02
   1.7657778e+02   4.7138451e+00   3.0926056e+02
   2.3505100e+02   5.0331526e+02   1.5553807e+02
   8.9707439e+01   2.7933373e+02   1.2787569e+02
   3.1297736e+02   9.5085469e+01   2.2184888e+02
   1.2662815e+02   5.0733812e+02   1.7200728e+02
   1.1187941e+02   4.6382644e+02   1.8350111e+02
   7.8896183e+01   3.2037371e+02   2.3055365e+02
   3.3635060e+02   3.3162846e+02   1.8827345e+02
   1.1213149e+01   1.1447364e+02   2.7614759e+02
   2.7882138e+02   3.0456874e+02   6.5746487e+01
   2.6140918e+02   2.1553550e+02   2.4349257e+01
   3.2849640e+02   2.1091735e+02   3.8070346e+02
   1.9381373e+02   4.3307335e+02   7.1905307e+01
   1.7573637e+02   3.3858686e+02   2.9087230e+02
   2.2186558e+02   4.0648009e+02   1.4121197e+02
   1.1902654e+02   3.0122834e+02   1.3785766e+02
   2.0344123e+02   3.4593721e+02   2.9648372e+02
   2.9788061e+02   5.3086903e+02   6.2824193e+01
   1.0205588e+02   3.4505337e+02   3.7898364e+02
   2.9977077e+02   2.2865948e+02   7.4193570e+01
   3.8844015e+02   4.6274817e+02   1.7530521e+02
   1.3657695e+02   4.2745085e+02   2.8795099e+02
   2.5236228e+02   9.1581434e+01   1.5713672e+02
   2.7067816e+01   4.0575420e+02   1.5140367e+02
   3.3664861e+02   3.1117294e+02   5.0025698e+01
   2.9388526e+02   1.8712076e+02   1.5894034e+02
   2.7190739e+02   1.6677180e+02   1.7858541e+02
   2.5365159e+02   2.8761783e+02   1.8534317e+02
   2.6760372e+02   1.5049721e+02   1.7855173e+02
   2.7250741e+02   5.3266402e+02   2.5947135e+02
   3.0697345e+02   1.1395011e+02   2.1763216e+01
   2.2779333e+02   3.9098828e+02   2.2321116e+02
   1.0754198e+02   3.2477242e+02   1.3655004e+02
   1.0705901e+02   4.5903973e+02   2.4074685e+02
   3.4124008e+02   5.3516428e+02   3.4573069e+02
   6.9627543e+01   2.4426437e+02   1.7904135e+02
   2.6651595e+02   2.8498950e+02   1.1501343e+02
   1.8986031e+02   9.2553659e+01   1.4593100e+02
   2.0511369e+02   1.2514997e+02   1.4817280e+02
   1.9645007e+01   3.8723845e+02   2.5207195e+02
   6.4185862e+00   3.0959538e+02   4.5273735e+01
   2.9385072e+02   8.6238487e+01   2.0951503e+02
   3.8278006e+02   4.4973578e+02   1.1444124e+02
   1.8381612e+02   4.0732791e+02   2.1860315e+01
   1.7001647e+02   1.5072994e+02   2.1372949e+02
   1.4317420e+02   1.1209760e+02   3.3541691e+02
   2.2908337e+02   4.2829004e+02   1.3125478e+02
   2.2665038e+02   4.8187959e+02   5.4129483e+01
   3.3719653e+02   4.0389783e+02   7.4533356e+01
   3.7309322e+02   4.9155736e+01   2.3820768e+02
   2.0695913e+02   4.7059063e+02   3.0245814e+02
   1.7147128e+02   3.5706611e+02   3.7764082e+02
   3.3006657e+01   4.8204403e+02   2.2175967e+02
   1.7217184e+02   3.0629194e+02   3.2833199e+02
   3.7818071e+02   3.2435335e+02   2.6471215e+02
   1.2750194e+02   3.2498684e+02   3.6575679e+02
   1.0503210e+02   4.9690805e+02   4.5583595e+01
   3.3629011e+02   5.3109344e+02   3.6834834e+02
   3.9394039e+01   2.1760287e+02   2.5334823e+02
   2.5093654e+02   2.3327453e+02   2.9612353e+02
   2.9510296e+01   2.3234316e+02   3.0483821e+02
   3.2704306e+02   3.7188099e+02   2.6571840e+02
   3.1932039e+02   1.6979671e+02   2.2013015e+02
   1.0372331e+02   4.9543941e+02   5.7527393e+01
   1.1444783e+02   2.5793167e+02   9.4745299e+01
   7.9954329e+01   2.0883285e+02   4.3855483e+01
   2.9242286e+02   3.5974436e+02   1.9209064e+02
   2.3225547e+00   2.9593374e+02   2.3684901e+02
   3.5487175e+02   3.4893232e+02   1.6561444e+02
   2.6978914e+02   2.6027942e+02   2.6226946e+02
   1.8072459e+02   2.7303255e+02   9.0593135e+01
   2.4604688e+02   4.0097679e+02   2.3444491e+02
   3.4991054e+01   2.7701206e+01   3.6217222e+02
   2.4229674e+02   4.7683152e+02   4.4595210e+01
   2.5812969e+02   1.4100199e+02   9.5156950e+01
   5.2224873e+00   1.3481381e+01   4.8051821e+01
   8.3675228e+01   5.3340839e+02   2.1084777e+01
   1.4651109e+02   8.3076582e+01   1.4173162e+02
   1.3902428e+02   1.1087857e+02   2.9325496e+02
   2.1357839e+02   3.8673099e+02   1.7431512e+02
   2.4053227e+02   5.0470873e+02   3.0535743e+02
   8.4066726e+00   3.0938797e+02   2.4651687e+01
   2.9428427e+02   6.0240832e+01   2.8139256e+02
   1.9374027e+02   1.2060395e+02   1.1873033e+02
   1.4109074e+02   1.8138351e+02   3.5429767e+02
   1.8997233e+02   3.8648651e+02   2.6337530e+01
   2.7179586e+02   1.8246408e+02   1.5331227e+02
   3.8388537e+02   2.6750550e+02   3.5008250e+01
   2.6117254e+02   2.9696269e+02   2.6985543e+02
   3.2348153e+02   5.2142591e+02   1.0998036e+02
   3.8485951e+02   4.6057961e+02   3.2145097e+02
   2.5386316e+02   4.7685260e+02   2.1597147e+02
   3.7810539e+02   5.3558464e+02   2.9685704e+02
   2.8717114e+02   3.5107985e+02   2.3521250e+02
   2.0827371e+02   4.4825039e+01   1.6031908e+02
   2.8656668e+02   4.5734344e+02   1.9186041e+02
   2.1674480e+02   5.1283217e+02   3.1134845e+01
   1.4203889e+02   2.7626481e+02   2.3962570e+02
   1.8442580e+02   2.0003147e+02   3.2100579e+02
   1.5263349e+02   2.4682772e+02   2.1377689e+02
   1.6385810e+02   4.8644514e+02   9.5457917e+01
   3.6938311e+02   4.3075064e+02   2.4956412e+02
   3.8341348e+02   5.3579702e+02   2.4580269e+02
   2.3527459e+02   5.0852452e+02   1.8162756e+02
   2.7181113e+02   4.8925175e+02   3.1733184e+02
   3.8684032e+01   4.1942943e+02   2.1821481e+02
   2.5173473e+02   4.1508554e+02   2.0112922e+02
   5.2527752e+01   4.2153638e+02   2.4722369e+02
   3.1374192e+02   3.1319812e+02   2.1444692e+02
   9.5327885e+01   1.0635434e+02   6.4978324e+01
   3.6501642e+02   1.8587637e+02   1.2867248e+02
   3.5310332e+02   3.1641677e+02   8.8549585e+01
   3.7357930e+01   4.9724091e+02   3.7997375e+02
   1.8300352e+02   2.9396476e+02   2.0777486e+02
   1.6967002e+02   3.6020758e+02   1.2547634e+02
   1.1892984e+02   1.1778552e+02   1.6598395e+02
   1.4552770e+02   2.1441078e+02   2.0736088e+02
   1.0136293e+02   4.8343033e+02   1.6456151e+02
   3.4009386e+02   1.2987051e+02   6.4395890e+01
   2.0127104e+02   4.5018290e+02   7.6590791e+01
   3.2657998e+02   4.7051624e+02   2.9784191e+02
   3.2459742e+02   3.6552296e+02   1.9028800e+02
   2.7550230e+02   4.5805201e+02   3.1172335e+02
   1.6114892e+02   5.3152184e+02   9.8784129e+01
   1.6175944e+01   1.2219374e+02   1.6685428e+02
   2.0535848e+02   1.6014687e+02   8.2479449e+01
   1.4668930e+02   4.8462642e+02   3.4552897e+02
   9.1940013e+01   4.1968652e+02   2.0749229e+02
   1.3780546e+02   1.1055125e+02   1.3666337e+02
   3.2978807e+02   5.3031673e+02   2.4443196e+02
   2.0795292e+02   1.9272770e+02   1.6008828e+02
   3.8341306e+02   1.7735173e+02   2.0825847e+02
   3.7897871e+02   1.7718834e+02   2.6234980e+02
   2.7495069e+02   4.6919631e+02   2.3027204e+02
   2.2573693e+02   3.5260405e+02   7.0521009e+01
   7.3880215e+01   3.5335786e+02   3.4311577e+02
   1.8654209e+02   3.4535335e+02   1.9121923e+02
   1.1826003e+02   1.5496471e+02   2.5230265e+02
   9.3000984e+01   3.3257893e+02   1.8373322e+02
   6.7615709e+01   4.5713948e+02   3.7725903e+02
   3.9001660e+02   3.8545583e+02   1.8124771e+02
   2.0856144e+02   4.1164537e+02   3.1333961e+01
   3.0055441e+02   2.2457848e+02   1.6376718e+02
   2.5368422e+02   2.1964721e+02   2.1430397e+02
   2.7913875e+02   1.7116048e+02   2.7459986e+02
   3.7410416e+02   5.0127538e+02   2.3287706e+02
   1.0105552e+02   1.2842705e+02   1.5806510e+02
   2.1348896e+02   3.3993714e+02   1.4013411e+02
   5.6843581e+01   2.2824046e+02   1.6036682e+02
   9.2647070e+01   9.3962750e+01   1.9604614e+02
   1.0865011e+02   3.9831073e+02   7.7110509e+01
   8.5255380e+01   5.0857266e+02   1.5318972e+02
   7.8642293e+01   4.2194494e+02   2.0243884e+02
   3.9842242e+02   2.3737803e+02   2.1088666e+02
   2.3056044e+02   5.0502913e+02   3.2968496e+02
   8.1737673e+01   4.7158384e+02   1.0571456e+02
   1.8771846e+02   5.2502012e+01   1.4885578e+02
   3.0906872e+01   5.3831037e+02   1.3417358e+02
   6.4299399e+01   3.0505476e+02   1.5998684e+02
   2.1819172e+02   2.9222409e+02   1.8455963e+02
   1.6708139e+02   4.6144265e+02   1.8990940e+02
   1.8756355e+02   5.1326954e+02   2.0821181e+02
   3.4494529e+00   8.6946227e+01   1.3842114e+02
   3.0063933e+02   4.1414746e+02   9.9008060e-01
   1.4303930e+02   5.3041433e+02   1.7206626e+02
   1.6738950e+02   4.8676684e+02   1.1551757e+02
   8.5646695e+01   4.5082275e+02   3.3761329e+02
   1.7424277e+02   3.6551514e+02   1.6704130e+02
   2.1850019e+02   4.4404570e+02   1.2742505e+02
   2.7588162e+02   4.0141478e+02   2.1162754e+02
   2.5556390e+02   5.2479009e+02   5.5016173e+01
   1.0167388e+02   4.9254434e+01   4.5429402e+01
   3.1783246e+02   2.8097769e+02   2.4577320e+02
   3.3484228e+02   5.0650709e+02   3.0572591e+02
   2.7637710e+02   4.4717950e+02   2.3153723e+02
   1.9106499e+02   4.3523322e+02   1.3732369e+02
   1.5689851e+02   4.7332948e+02   1.1939178e+02
   9.3349910e+01   4.3650371e+02   2.6783044e+01
   5.8513877e+01   7.6643937e+01   2.6589292e+02
   2.4272727e+02   5.3972798e+02   1.5069870e+02
   2.6862371e+02   2.1869223e+02   1.0387177e+02
   3.3849531e+02   5.0010639e+02   3.6893458e+02
   3.7998451e+02   4.5285026e+02   1.3762312e+01
   1.9932093e+02   4.7075331e+02   1.3671723e+02
   1.9931841e+02   2.3118220e+02   1.9451523e+01
   2.2373752e+02   2.6639489e+02   3.3969119e+02
   5.7103232e+01   1.4565009e+02   1.6996498e+02
   3.1042903e+02   4.3201348e+02   3.6841230e+02
   2.0866176e+01   1.7601360e+02   3.7541643e+02
   1.4457601e+01   1.5182339e+02   1.3863930e+02
   1.2717811e+02   5.2551429e+02   5.8450014e+01
   2.3365255e+02   5.3387022e+02   3.4192096e+02
   4.5482033e+01   1.8932116e+02   1.7286816e+02
   3.1790886e+02   1.3884834e+02   3.2758122e+02
   2.4701729e+01   4.0211130e+02   3.6204523e+02
   9.1616725e+01   5.1253237e+02   3.4619656e+02
   2.3788605e+02   4.6900738e+02   2.3306969e+02
   1.9829184e+02   5.1467919e+02   1.7051991e+02
   3.4720402e+02   8.2350260e+01   1.9557133e+02
   5.6935171e+01   4.8965472e+02   3.5099309e+02
   1.2953779e+02   4.6061502e+02   2.6296499e+02
   3.1485791e+02   3.5959344e+02   1.8608824e+02
   2.0247431e+02   2.7221964e+02   4.6975371e+01
   1.2364834e+01   5.3517755e+02   2.7034503e+01
   2.2469516e+02   4.9169371e+02   2.1235336e+02
   3.5947691e+02   4.8929297e+02   1.3464311e+02
   3.9747261e+02   4.8789524e+02   3.4192416e+02
   2.8751552e+02   1.8682545e+02   3.1936260e+02
   1.6824421e+02   5.2136917e+02   2.7930203e+01
   2.2642305e+02   4.5367464e+02   2.6080247e+02
   2.8362438e+02   4.8964151e+02   5.9295779e+01
   2.8278607e+02   5.2551690e+02   1.0920230e+02
   2.7823352e+02   5.1370929e+02   9.0333215e+01
   2.5811621e+02   4.6534410e+02   2.1256748e+02
   3.9789135e+02   4.9848213e+02   1.4489357e+02
   2.2674261e+02   4.0824431e+02   1.9096629e+02
   2.5686788e+02   4.7777838e+02   1.6903055e+01
   2.0214424e+02   5.2570013e+02   1.2739444e+02
   2.7039168e+02   4.4786379e+02   2.2479945e+02
   2.0400224e+01   4.7587735e+02   2.3060216e+02
   2.5926279e+02   5.2948518e+02   6.7523489e+01
   2.0483107e+02   3.7955376e+02   1.9078527e+02
   1.6238034e+02   3.2868795e+02   2.2324792e+02
   2.8290307e+02   4.4078628e+02   1.0325184e+02
   1.2596430e+02   5.1704141e+02   2.4142505e+02
   2.3515927e+02   4.6275017e+02   2.3826168e+02
   3.2811137e+01   4.8160950e+02   4.3677553e+01
   2.8595686e+02   4.4822720e+02   3.3643180e+00
   9.7706746e+01   3.7921338e+02   2.2271337e+02
   1.4187103e+02   3.1700255e+02   2.2152338e+02
   7.9064836e+01   3.2408193e+02   2.1080247e+02
   7.4872194e+01   5.0376896e+02   4.3124086e+00
   7.8974542e+01   4.6230190e+02   5.3502902e+01
   1.7424329e+02   2.8361997e+02   1.1504314e+02
   2.8195107e+01   3.5500221e+02   2.9081526e+02
   2.3823480e+02   5.0052619e+02   2.0962757e+02
   1.7109484e+02   5.3384370e+02   2.7665206e+02
